sku,name,brand,available
ME76507-B1072-LOVESEATPIT_8029559095466_47620986962090,Sophia 4-Piece Feather Modular Sofa. Cream / Loveseat Pit,,True
ME76507-B1072-PIT_8029532324010_47620985979050,Sophia 6-Piece Feather Modular Sofa. Cream / Pit,,True
S7001-G0402190-PIT_8040585986218_47618578972842,Liam 6-Piece Overstuffed Feather Wood Base Sectional Sofa. Milo Linen / Pit,,True
S7001-G0402190-LOVESEATPIT_8036334174378_47618283962538,Liam 4-Piece Overstuffed Feather Wood Base Sectional Sofa. Loveseat Pit / Milo Linen,,True
SKJ015B-U243022-O_8291500196010_47613709385898,Brendon Modular Ottoman with Wood Leg. Top Grain Leather / Saddle,,True
SKJ015-G0303970-O_8291500196010_47613709353130,Brendon Modular Ottoman with Wood Leg. Fabric / Green,,True
SKJ015-G0303910-O_8291500196010_47613709320362,Brendon Modular Ottoman with Wood Leg. Fabric / Cream,,True
SET-SKJ808-G0202320W-3PC-OTTOMAN_8272885842090_47543293051050,Ivy 3-Seat Performance Fabric Modular Sofa with Storage Ottoman. Teddy Brown / With Ottoman,,True
DC7501-G0402170_8283624112298_47590771392682,Elsa Rolling Dining Chair with Hidden Storage. Moss Green / Pack of 1,,True
DC7501-G0402911_8283624112298_47590770049194,Elsa Rolling Dining Chair with Hidden Storage. Linen / Pack of 1,,True
DC7501-G0402910_8283624112298_47590770016426,Elsa Rolling Dining Chair with Hidden Storage. Cream / Pack of 1,,True
SET-SKJ808-G0202320W-4PC-CORNER_8272885874858_47543296786602,Ivy 4-Seat Performance Fabric Modular Sectional Sofa with Storage Ottoman. Teddy Brown / With Corner,,True
SKJ808-G0202320W-AL-2_8272886202538_47541982986410,Ivy Modular Armless Chair/2-Seat Armless Sofa. Teddy Brown / Armless Sofa,,True
SET-SKJ808-G0202320W-CORNER-MODULAR_8272885907626_47541562245290,Ivy 5-Seat Performance Fabric Modular Sectional Sofa with Storage Ottoman. Teddy Brown / With Ottomans,,True
SKJ808-G0202320W-C_8272886235306_47538585534634,Ivy Modular Performance Fabric Corner Module. Teddy Brown,,True
SKJ808-G0202320W-AL_8272886202538_47538582257834,Ivy Modular Armless Chair/2-Seat Armless Sofa. Teddy Brown / Armless Chair,,True
SET-SKJ808-G0202320W-3PC_8272885842090_47538580062378,Ivy 3-Seat Performance Fabric Modular Sofa with Storage Ottoman. Teddy Brown / I Shape,,True
SET-SKJ808-G0202320W-2PC_8272885809322_47538579800234,Ivy 2-Seat Performance Fabric Modular Sofa. Teddy Brown,,True
SKJ001B-CU6722-AL_8039478624426_47536904437930,Liam Overstuffed Feather Modular Armless Seat. Camel,,True
SKJ001B-CU6722-O_8037500649642_47536895983786,Liam Overstuffed Feather Ottoman. Camel,,True
SKJ015B-U243022-3PC-SOFA_8272885645482_47568989847722,Brendon Modular 3-Seat Sofa with Wood Leg. Top Grain Leather / Saddle,,True
SKJ015B-U243022-4PC-MODULAR_8272885711018_47568970711210,Brendon Modular 4-Seat Sectional Sofa with Wood Leg. Top Grain Leather / Saddle,,True
SKJ015B-U243022-CORNER-MODULAR_8272885743786_47568753754282,Brendon Modular Corner Sectional Sofa with Wood Leg. Top Grain Leather / Saddle,,True
SKJ015B-U243022-6PC-MODULAR_8272885776554_47568729473194,Brendon Modular 6-Seat Sectional Sofa with Wood Leg. Top Grain Leather / Saddle,,True
SKJ015B-U243022-AL_8273846468778_47568684056746,Brendon Armless Chair. Top Grain Leather / Saddle,,True
SKJ015B-U243022-C_8273846861994_47568666591402,Brendon Modular Corner Seat. Top Grain Leather / Saddle,,True
SKJ015B-U243022-2PC-SOFA_8276652523690_47566523465898,Brendon Modular 2-Seat Sofa with Wood Leg. Top Grain Leather / Saddle,,True
MEA025-T555010_8277139095722_47555533373610,Leif Super Zero Gravity Power Leather Recliner. Top Grain Leather / Navy,,True
SKJ015-G0303970-2PC-SOFA_8276652523690_47554292056234,Brendon Modular 2-Seat Sofa with Wood Leg. Fabric / Green,,True
SKJ015-G0303910-2PC-SOFA_8276652523690_47554292023466,Brendon Modular 2-Seat Sofa with Wood Leg. Fabric / Cream,,True
AC7037-G0402110_8276270547114_47552831979690,Carl Modern Swivel Rope Accent Chair. Mink,,True
AC7037-G0402190_8276270547114_47552831946922,Carl Modern Swivel Rope Accent Chair. Linen,,True
MS708-L1020-3S_8256841285802_47474585075882,Owen Genuine Leather Reclining Sofa with Power Headrest. Light Grey,,True
MS708-U243022-3S_8256841285802_47474585043114,Owen Genuine Leather Reclining Sofa with Power Headrest. Saddle,,True
DT7203-1800-OAK-DC_8235052171434_47465478619306,Glacia Modern Wood Dining Table for 4. Oak / 4,,True
DT7202-1500-OAK-DC_8235051647146_47465368453290,Everett Modern Rectangular Wood Dining Table for 4. Oak / 4,,True
DT7201-1190-OAK-DC_8231517356202_47465346007210,Hilda Extendable Wood Dining Table Set. Oak / Extendable Table: 47''–59'' / 4,,True
MEA025-CU6722_8277139095722_47555553165482,Leif Super Zero Gravity Power Leather Recliner. Faux Leather / Camel,,True
MEA025-M1228_8277139095722_47555518103722,Leif Super Zero Gravity Power Leather Recliner. Top Grain Leather / Light Brown,,True
MEA025-U243022_8277139095722_47555518038186,Leif Super Zero Gravity Power Leather Recliner. Top Grain Leather / Saddle,,True
ME7056B-CU016_8276604944554_47554088566954,Tracee Modern Power Swivel Glider Recliner-Faux Leather & White. Faux Leather / White,,True
ME7056B-G0402170-Z_7793206132906_47552947224746,Tracee Power Swivel Nursery Glider Recliner. Fabric / Moss Green,,True
ME7056B-G0402170-M_6956504318122_47552911540394,Tracee Modern Power Swivel Glider Recliner. Fabric / Moss Green,,True
SET-SKJ808-G0303920W-4PC-CORNER_8272885874858_47543296721066,Ivy 4-Seat Performance Fabric Modular Sectional Sofa with Storage Ottoman. Beige / With Corner,,True
SKJ015-G0303970-C_8273846861994_47542986375338,Brendon Modular Corner Seat. Fabric / Green,,True
SKJ015-G0303910-C_8273846861994_47542986342570,Brendon Modular Corner Seat. Fabric / Cream,,True
SKJ015-G0303970-AL_8273846468778_47542984573098,Brendon Armless Chair. Fabric / Green,,True
SKJ015-G0303910-AL_8273846468778_47542984540330,Brendon Armless Chair. Fabric / Cream,,True
SKJ015-G0303970-6PC-MODULAR_8272885776554_47540816576682,Brendon Modular 6-Seat Sectional Sofa with Wood Leg. Fabric / Green,,True
SKJ015-G0303970-CORNER-MODULAR_8272885743786_47540816412842,Brendon Modular Corner Sectional Sofa with Wood Leg. Fabric / Green,,True
SKJ015-G0303970-4PC-MODULAR_8272885711018_47540816314538,Brendon Modular 4-Seat Sectional Sofa with Wood Leg. Fabric / Green,,True
SKJ015-G0303970-3PC-SOFA_8272885645482_47540814839978,Brendon Modular 3-Seat Sofa with Wood Leg. Fabric / Green,,True
SKJ015-G0303910-6PC-MODULAR_8272885776554_47538556633258,Brendon Modular 6-Seat Sectional Sofa with Wood Leg. Fabric / Cream,,True
SKJ015-G0303910-CORNER-MODULAR_8272885743786_47538556600490,Brendon Modular Corner Sectional Sofa with Wood Leg. Fabric / Cream,,True
SKJ015-G0303910-4PC-MODULAR_8272885711018_47538556567722,Brendon Modular 4-Seat Sectional Sofa with Wood Leg. Fabric / Cream,,True
SKJ015-G0303910-3PC-SOFA_8272885645482_47538556534954,Brendon Modular 3-Seat Sofa with Wood Leg. Fabric / Cream,,True
MS301-A0400502-1PS_8272885612714_47538556469418,Oliver Power Recliner Sofa Chair. Creamy Gray,,True
SET-SKJ808-G0303970W-4PC-CORNER_8272885874858_47543296753834,Ivy 4-Seat Performance Fabric Modular Sectional Sofa with Storage Ottoman. Green / With Corner,,True
SET-SKJ808-G0303970W-3PC-OTTOMAN_8272885842090_47543293018282,Ivy 3-Seat Performance Fabric Modular Sofa with Storage Ottoman. Green / With Ottoman,,True
SKJ808-G0303970W-AL-2_8272886202538_47541982953642,Ivy Modular Armless Chair/2-Seat Armless Sofa. Green / Armless Sofa,,True
SKJ808-G0303920W-AL-2_8272886202538_47541982920874,Ivy Modular Armless Chair/2-Seat Armless Sofa. Beige / Armless Sofa,,True
SET-SKJ808-G0303970W-CORNER-MODULAR_8272885907626_47541562212522,Ivy 5-Seat Performance Fabric Modular Sectional Sofa with Storage Ottoman. Green / With Ottomans,,True
SET-SKJ808-G0303920W-CORNER-MODULAR_8272885907626_47541562179754,Ivy 5-Seat Performance Fabric Modular Sectional Sofa with Storage Ottoman. Beige / With Ottomans,,True
SET-SKJ808-G0303970W-5PC_8272885907626_47538590482602,Ivy 5-Seat Performance Fabric Modular Sectional Sofa with Storage Ottoman. Green / With Corner,,True
SET-SKJ808-G0303970W-6PC-BED_8272886104234_47538590253226,Ivy 6-Seat Performance Fabric Bed Modular Sectional Sofa with Storage Ottoman. Green,,True
SKJ808-G0303970W-O_8272886169770_47538589958314,Ivy Modular Performance Fabric Ottoman with Storage. Green,,True
SKJ808-G0303970W-C_8272886235306_47538585501866,Ivy Modular Performance Fabric Corner Module. Green,,True
SKJ808-G0303970W-AL_8272886202538_47538582225066,Ivy Modular Armless Chair/2-Seat Armless Sofa. Green / Armless Chair,,True
SET-SKJ808-G0303970W-4PC_8272885874858_47538580193450,Ivy 4-Seat Performance Fabric Modular Sectional Sofa with Storage Ottoman. Green / With Ottoman,,True
SET-SKJ808-G0303970W-3PC_8272885842090_47538580029610,Ivy 3-Seat Performance Fabric Modular Sofa with Storage Ottoman. Green / I Shape,,True
SET-SKJ808-G0303970W-2PC_8272885809322_47538579767466,Ivy 2-Seat Performance Fabric Modular Sofa. Green,,True
SKJ808-G0303920W-C_8272886235306_47538557223082,Ivy Modular Performance Fabric Corner Module. Beige,,True
SKJ808-G0303920W-AL_8272886202538_47538557190314,Ivy Modular Armless Chair/2-Seat Armless Sofa. Beige / Armless Chair,,True
SKJ808-G0303920W-O_8272886169770_47538557157546,Ivy Modular Performance Fabric Ottoman with Storage. Beige,,True
SET-SKJ808-G0303920W-6PC-BED_8272886104234_47538557092010,Ivy 6-Seat Performance Fabric Bed Modular Sectional Sofa with Storage Ottoman. Beige,,True
SET-SKJ808-G0303920W-5PC_8272885907626_47538556829866,Ivy 5-Seat Performance Fabric Modular Sectional Sofa with Storage Ottoman. Beige / With Corner,,True
SET-SKJ808-G0303920W-4PC_8272885874858_47538556731562,Ivy 4-Seat Performance Fabric Modular Sectional Sofa with Storage Ottoman. Beige / With Ottoman,,True
SET-SKJ808-G0303920W-3PC_8272885842090_47538556698794,Ivy 3-Seat Performance Fabric Modular Sofa with Storage Ottoman. Beige / I Shape,,True
SET-SKJ808-G0303920W-2PC_8272885809322_47538556666026,Ivy 2-Seat Performance Fabric Modular Sofa. Beige,,True
SKJ001B-CU6722-4PC-MODULAR_8036334174378_47536713334954,Liam 4-Piece Overstuffed Feather Wood Base Sectional Sofa. With Ottomans / Camel,,True
SKJ001B-CU6722-2PC-SOFA_8039473316010_47536682434730,Liam 2-Piece Overstuffed Feather Wood Base Sectional Sofa. Camel,,True
BS7079-G0402110_8271202812074_47528077656234,Jade Faux Leather Rope Counter Stool. Set of 2 / Khaki,,True
BS7079-G0402190_8271202812074_47528077623466,Jade Faux Leather Rope Counter Stool. Set of 2 / Linen,,True
BS7079-8023-1_8271202812074_47528077590698,Jade Faux Leather Rope Counter Stool. Set of 2 / Saddle Brown,,True
SKJ001B-CU6722-6PC-MODULAR_8040585986218_47520220315818,Liam 6-Piece Overstuffed Feather Wood Base Sectional Sofa. Camel / U-Shape,,True
SKJ001B-CU6722-CORNER-MODULAR_8039456702634_47520200687786,Liam 5-Piece Overstuffed Feather Wood Base Sectional Sofa. Corner V / Camel,,True
SKJ001B-CU6722-5PC-SOFA_8039456702634_47520200655018,Liam 5-Piece Overstuffed Feather Wood Base Sectional Sofa. With Ottomans / Camel,,True
SKJ001B-CU6722-3PC-SOFA_8039382024362_47520083050666,Liam 3-Piece Overstuffed Feather Wood Base Sectional Sofa. With Armless Seat / Camel,,True
MEA5027-L7502_8269149700266_47516322693290,Addy Genuine Leather Lift Assist Power Recliner With Heat Massage. Saddle,,True
MEA5027-L7519_8269149700266_47516322660522,Addy Genuine Leather Lift Assist Power Recliner With Heat Massage. Grey,,True
MEA5027-L7520_8269149700266_47516322627754,Addy Genuine Leather Lift Assist Power Recliner With Heat Massage. Brown,,True
DT7204-2000-OAK-DC_8233166864554_47465483403434,Coral Fluted Oval Wood Dining Table for 4. Oak / 4,,True
DT7204-2000-WALNUT-DC_8233166864554_47465483370666,Coral Fluted Oval Wood Dining Table for 4. Walnut / 4,,True
MEA022-CU6724_8255917228202_47471896625322,Atlas Modern Zero-Gravity Power Recliner. Tan,,True
MEA022-CU6723_8255917228202_47471896592554,Atlas Modern Zero-Gravity Power Recliner. Chocolate,,True
MEA022-CU6722_8255917228202_47471896559786,Atlas Modern Zero-Gravity Power Recliner. Camel,,True
DT7203-1800-WALNUT-DC_8235052171434_47465478586538,Glacia Modern Wood Dining Table for 4. Walnut / 4,,True
DT7202-1500-WALNUT-DC_8235051647146_47465368420522,Everett Modern Rectangular Wood Dining Table for 4. Walnut / 4,,True
DT7201-1500-OAK-DC_8231517356202_47465346039978,Hilda Extendable Wood Dining Table Set. Oak / Extendable Table: 59''–75'' / 6,,True
DT7201-1500-WALNUT-DC_8231517356202_47465345974442,Hilda Extendable Wood Dining Table Set. Walnut / Extendable Table: 59''–75'' / 6,,True
DT7201-1190-WALNUT-DC_8231517356202_47465345941674,Hilda Extendable Wood Dining Table Set. Walnut / Extendable Table: 47''–59'' / 4,,True
DC7502-PU6030_8249096077482_47446336077994,Soren Leather Rolling Dining Chair with Casters Base. Faux leather / Saddle Brown,,True
DC7502-G0402190_8249096077482_47446336045226,Soren Leather Rolling Dining Chair with Casters Base. Polyester / Linen,,True
ME7A6067-XL-NP20097_7976510226602_47391929663658,Isaac Genuine Leather Wall Hugger Power Recliner with Power Headrest. Cafe / Extra-large,,True
S7011-G0201691-O_8206277148842_47287765237930,"Winsley 3-Seat Sofa with Ottoman, Configurable Pit Sectional. Ottoman / Cream",,True
S7011-G0201691-3S-O_8206277148842_47287697309866,"Winsley 3-Seat Sofa with Ottoman, Configurable Pit Sectional. Sofa Set with Ottoman / Cream",,True
DC7108-FG33717-02_8236145082538_47408001613994,Alfred Modern Dining Chair (Set of 2). Cream + Oak,,True
S7011-G0201621-3S-O_8206277148842_47287697342634,"Winsley 3-Seat Sofa with Ottoman, Configurable Pit Sectional. Sofa Set with Ottoman / Taupe",,True
S7003-G0202320W-AL_7681985216682_47282505449642,Kenna Ottoman / Armless Chair. Armless Chair / Teddy Brown-Performance Fabric,,True
S7003-G0202320W-O_7681985216682_47282505351338,Kenna Ottoman / Armless Chair. Ottoman / Teddy Brown-Performance Fabric,,True
S7003-G0202320W-CT_8143042674858_47282498928810,Kenna Storage Console Table. Teddy Brown-Performance Fabric,,True
S7003-G0202320W-C_8143048966314_47282494046378,Kenna Modular Corner Seat. Teddy Brown-Performance Fabric,,True
SKJ801-G0405970-SEC-RCL_8248444125354_47442599608490,Daisy 3-Seat Modular Curved Chenille Sectional Sofa with Chaise and Down-Filled. Forest Green / Right Sectional,,True
SKJ801-G0405970-SEC-LCL_8248444125354_47442599575722,Daisy 3-Seat Modular Curved Chenille Sectional Sofa with Chaise and Down-Filled. Forest Green / Left Sectional,,True
SKJ801-G0402911-SEC-RCL_8248444125354_47442599542954,Daisy 3-Seat Modular Curved Chenille Sectional Sofa with Chaise and Down-Filled. Linen / Right Sectional,,True
SKJ801-G0402911-SEC-LCL_8248444125354_47442599510186,Daisy 3-Seat Modular Curved Chenille Sectional Sofa with Chaise and Down-Filled. Linen / Left Sectional,,True
DT7204-2000-OAK_8233166864554_47401974956202,Coral Fluted Oval Wood Dining Table for 4. Oak / 0,,True
DT7204-2000-WALNUT_8233166864554_47401974890666,Coral Fluted Oval Wood Dining Table for 4. Walnut / 0,,True
SKJ801-G0405970-AL_8248444158122_47442599674026,Daisy Armless Chair. Forest Green,,True
SKJ801-G0402911-AL_8248444158122_47442599641258,Daisy Armless Chair. Linen,,True
SKJ801-G0405970-2PC-SOFA_8248444059818_47442599411882,Daisy 2-Seat Modular Curved Chenille Sofa with Down-Filled Cushions. Forest Green,,True
SKJ801-G0402911-2PC-SOFA_8248444059818_47442599379114,Daisy 2-Seat Modular Curved Chenille Sofa with Down-Filled Cushions. Linen,,True
SKJ801-G0405970-3PC-SOFA_8248444092586_47442599477418,Daisy 3-Seat Modular Curved Chenille Sofa with Down-Filled Cushions. Forest Green,,True
SKJ801-G0402911-3PC-SOFA_8248444092586_47442599444650,Daisy 3-Seat Modular Curved Chenille Sofa with Down-Filled Cushions. Linen,,True
MEA5039-5138_8247660708010_47440007823530,Keith Leather Swivel Glider Recliner with Power Headrest. Top Grain Leather / Dark Brown,,True
MEA5039-504_8247660708010_47440007790762,Keith Leather Swivel Glider Recliner with Power Headrest. Top Grain Leather / Saddle,,True
MEA5038-BK1306_8247660642474_47440007495850,Myles Genuine Leather Swivel Glider Power Recliner. Faux leather / Navy,,True
MEA5038-BK1316_8247660642474_47440007463082,Myles Genuine Leather Swivel Glider Power Recliner. Faux leather / Saddle,,True
MEA5038-5138_8247660642474_47440007430314,Myles Genuine Leather Swivel Glider Power Recliner. Top Grain Leather / Dark Brown,,True
MEA5038-504_8247660642474_47440007397546,Myles Genuine Leather Swivel Glider Power Recliner. Top Grain Leather / Saddle,,True
S7003-G0303970W-AL_7681985216682_47282505416874,Kenna Ottoman / Armless Chair. Armless Chair / Green-Performance Fabric,,True
S7003-G0303970W-O_7681985216682_47282505318570,Kenna Ottoman / Armless Chair. Ottoman / Green-Performance Fabric,,True
S7003-G0303970W-CT_8143042674858_47282498896042,Kenna Storage Console Table. Green-Performance Fabric,,True
S7003-G0303970W-C_8143048966314_47282494013610,Kenna Modular Corner Seat. Green-Performance Fabric,,True
MEA130C-CU013-HR_7970439168170_47427644784810,Theo Power Swivel Glider Recliner. Cream. Faux Leather / Upgraded Adjustable,,True
MEA130C-G0402190-HR_7970439168170_47427531899050,Theo Power Swivel Glider Recliner. Linen. Fabric / Upgraded Adjustable,,True
MEA130C-CU6722-HR_7970439168170_47427531866282,Theo Power Swivel Glider Recliner. Camel. Faux Leather / Upgraded Adjustable,,True
SKJ012-G0500770-C_8242502762666_47423200886954,Teleri Modular Corner Seat. Forest Green,,True
SKJ012-A0405510-C_8242502762666_47423200723114,Teleri Modular Corner Seat. Sand,,True
SKJ012-G0500770-AL_8242501517482_47423200493738,Teleri Armless Chair. Forest Green,,True
SKJ012-A0405510-AL_8242501517482_47423199215786,Teleri Armless Chair. Sand,,True
SKJ012-G0500770-5PC-MODULAR_8241994203306_47422737940650,Teleri 5-seat Modular Curved Sofa with Wood Leg. Forest Green,,True
SKJ012-G0500770-2PC-SOFA_8242047647914_47422736761002,Teleri 2-seat Modular Curved Sofa with Wood Leg. Forest Green,,True
SKJ012-G0500770-3PC-SOFA_8241997643946_47422736695466,Teleri 3-seat Modular Curved Sofa with Wood Leg. Forest Green,,True
SKJ012-G0500770-4PC-MODULAR_8241996791978_47422736498858,Teleri 4-seat Modular Curved Sofa with Wood Leg. Forest Green,,True
SKJ012-A0405510-2PC-SOFA_8242047647914_47422604640426,Teleri 2-seat Modular Curved Sofa with Wood Leg. Sand,,True
SKJ012-A0405510-3PC-SOFA_8241997643946_47422502797482,Teleri 3-seat Modular Curved Sofa with Wood Leg. Sand,,True
SKJ012-A0405510-4PC-MODULAR_8241996791978_47422501519530,Teleri 4-seat Modular Curved Sofa with Wood Leg. Sand,,True
SKJ012-A0405510-5PC-MODULAR_8241994203306_47422497718442,Teleri 5-seat Modular Curved Sofa with Wood Leg. Sand,,True
DT7203-1800-OAK_8235052171434_47405399310506,Glacia Modern Wood Dining Table for 4. Oak / 0,,True
DT7203-1800-WALNUT_8235052171434_47405399277738,Glacia Modern Wood Dining Table for 4. Walnut / 0,,True
DC7108-FG33717-06_8236145082538_47408065151146,Alfred Modern Dining Chair (Set of 2). Silver + Walnut,,True
DT7202-1500-OAK_8235051647146_47405398818986,Everett Modern Rectangular Wood Dining Table for 4. Oak / 0,,True
DT7202-1500-WALNUT_8235051647146_47405398786218,Everett Modern Rectangular Wood Dining Table for 4. Walnut / 0,,True
DT7201-1500-OAK_8231517356202_47398599753898,Hilda Extendable Wood Dining Table Set. Oak / Extendable Table: 59''–75'' / 0,,True
DT7201-1500-WALNUT_8231517356202_47398599721130,Hilda Extendable Wood Dining Table Set. Walnut / Extendable Table: 59''–75'' / 0,,True
DT7201-1190-OAK_8231517356202_47398575407274,Hilda Extendable Wood Dining Table Set. Oak / Extendable Table: 47''–59'' / 0,,True
DT7201-1190-WALNUT_8231517356202_47398575341738,"Hilda Extendable Wood Dining Table Set. Walnut / Extendable Table: 47""–59"" / 0",,True
ME7A6067-XL-NP20099_7976510226602_47391929630890,Isaac Genuine Leather Wall Hugger Power Recliner with Power Headrest. Navy / Extra-large,,True
ME7A6067-XL-NP20104_7976510226602_47391929565354,Isaac Genuine Leather Wall Hugger Power Recliner with Power Headrest. Saddle / Extra-large,,True
ME7A6067-XL-NP20121_7976510226602_47391929598122,Isaac Genuine Leather Wall Hugger Power Recliner with Power Headrest. Cream / Extra-large,,True
MEA015-L2201_8228092838058_47384359862442,Jaxon Genuine Leather Swivel Glider Power Recliner with Power Headrest. Genuine Leather-Top Grain Leather / Cognac,,True
MEA015-L1020_8228092838058_47384232263850,Jaxon Genuine Leather Swivel Glider Power Recliner with Power Headrest. Genuine Leather-Top Grain Leather / Light Gray,,True
MEA015-U243022_8228092838058_47384232231082,Jaxon Genuine Leather Swivel Glider Power Recliner with Power Headrest. Genuine Leather-Top Grain Leather / Saddle,,True
BS7028-W3305-006-2_8221541793962_47354458341546,Clover Boho Acacia Wood Rope Indoor & Outdoor Counter Stool. Cream / Set of 4,,True
BS7028-W3305-006_8221541793962_47354458308778,Clover Boho Acacia Wood Rope Indoor & Outdoor Counter Stool. Cream / Set of 2,,True
S7011-G0201621-3S_8206277148842_47287697277098,"Winsley 3-Seat Sofa with Ottoman, Configurable Pit Sectional. 3-Seater / Taupe",,True
ME7A5029-NP20104_8221438181546_47353291669674,Isaac Genuine Leather Lift Assist Recliner With Power Headrest. Saddle,,True
ME7A5029-NP20099_8221438181546_47353256476842,Isaac Genuine Leather Lift Assist Recliner With Power Headrest. Navy,,True
ME7A5029-NP20100_8221438181546_47353256444074,Isaac Genuine Leather Lift Assist Recliner With Power Headrest. Brown,,True
BS72018-G0402170_7891137364138_47344486875306,Golda Counter Stools with Metal Base. Moss Green (Fabric) / 2-Pack,,True
S7003-G0303970W-4PC-MODULAR-C_7681981481130_47282586878122,Kenna Modular 4 Seat Sofa-Chaise Sectional. With Corner Seat / Green-Performance Fabric / 0,,True
S7003-G0303920W-CT_8143042674858_47282498863274,Kenna Storage Console Table. Beige-Performance Fabric,,True
S7003-G0303920W-C_8143048966314_47282493980842,Kenna Modular Corner Seat. Beige-Performance Fabric,,True
S7003-G0303920W-4PC-MODULAR-O_8142994636970_47282463375530,Kenna 5 Seat Modular Sofa-Chaise Sectional. Beige-Performance Fabric,,True
S7003-G0303920W-AL_7681985216682_47282505384106,Kenna Ottoman / Armless Chair. Armless Chair / Beige-Performance Fabric,,True
S7003-G0303920W-O_7681985216682_47282505285802,Kenna Ottoman / Armless Chair. Ottoman / Beige-Performance Fabric,,True
3-BS7Y029-311W-WALNUT_8206464450730_47288443371690,Abigail Rattan Curved Counter Stool with Performance Fabric. Linen | Walnut Color Base / Performance Fabric | Rattan | Wood / Set of 3,,True
2-BS7Y029-311W-WALNUT_8206464450730_47288443338922,Abigail Rattan Curved Counter Stool with Performance Fabric. Linen | Walnut Color Base / Performance Fabric | Rattan | Wood / Set of 2,,True
3-BS7Y029-311W-NATUAL_8206464450730_47288424169642,Abigail Rattan Curved Counter Stool with Performance Fabric. Linen | Light Color Base / Performance Fabric | Rattan | Wood / Set of 3,,True
2-BS7Y029-311W-NATUAL_8206464450730_47288424136874,Abigail Rattan Curved Counter Stool with Performance Fabric. Linen | Light Color Base / Performance Fabric | Rattan | Wood / Set of 2,,True
S7011-G0201691-3S_8206277148842_47287697244330,"Winsley 3-Seat Sofa with Ottoman, Configurable Pit Sectional. 3-Seater / Cream",,True
S7003-G0303970W-4PC-MODULAR-C-CT_7681981481130_47282586910890,Kenna Modular 4 Seat Sofa-Chaise Sectional. With Corner Seat / Green-Performance Fabric / 1,,True
S7003-G0303920W-4PC-MODULAR-C-CT_7681981481130_47282586845354,Kenna Modular 4 Seat Sofa-Chaise Sectional. With Corner Seat / Beige-Performance Fabric / 1,,True
S7003-G0303920W-4PC-MODULAR-C_7681981481130_47282586812586,Kenna Modular 4 Seat Sofa-Chaise Sectional. With Corner Seat / Beige-Performance Fabric / 0,,True
S7003-G0303970W-4PC-MODULAR-CT_7681981481130_47282586714282,Kenna Modular 4 Seat Sofa-Chaise Sectional. With Ottoman / Green-Performance Fabric / 1,,True
S7003-G0303970W-4PC-MODULAR_7681981481130_47282586681514,Kenna Modular 4 Seat Sofa-Chaise Sectional. With Ottoman / Green-Performance Fabric / 0,,True
S7003-G0303920W-4PC-MODULAR-CT_7681981481130_47282586648746,Kenna Modular 4 Seat Sofa-Chaise Sectional. With Ottoman / Beige-Performance Fabric / 1,,True
S7003-G0303920W-4PC-MODULAR_7681981481130_47282586615978,Kenna Modular 4 Seat Sofa-Chaise Sectional. With Ottoman / Beige-Performance Fabric / 0,,True
S7003-G0303970W-2PC-SOFA-O_7681977090218_47282554142890,Kenna 3 Seat Modular Sofa. With Ottoman / Green-Performance Fabric / 0,,True
S7003-G0303920W-2PC-SOFA-O_7681977090218_47282554110122,Kenna 3 Seat Modular Sofa. With Ottoman / Beige-Performance Fabric / 0,,True
S7003-G0303970W-3PC-SOFA-CT_7681977090218_47282554011818,Kenna 3 Seat Modular Sofa. With Armless Seat / Green-Performance Fabric / 1,,True
S7003-G0303970W-3PC-SOFA_7681977090218_47282553979050,Kenna 3 Seat Modular Sofa. With Armless Seat / Green-Performance Fabric / 0,,True
S7003-G0303920W-3PC-SOFA-CT_7681977090218_47282553946282,Kenna 3 Seat Modular Sofa. With Armless Seat / Beige-Performance Fabric / 1,,True
S7003-G0303920W-3PC-SOFA_7681977090218_47282553913514,Kenna 3 Seat Modular Sofa. With Armless Seat / Beige-Performance Fabric / 0,,True
S7003-G0303970W-2PC-SOFA-CT_7681905688746_47282521931946,Kenna 2 Seat Modular Sofa. Green-Performance Fabric / 1,,True
S7003-G0303970W-2PC-SOFA_7681905688746_47282521899178,Kenna 2 Seat Modular Sofa. Green-Performance Fabric / 0,,True
S7003-G0303920W-2PC-SOFA-CT_7681905688746_47282521866410,Kenna 2 Seat Modular Sofa. Beige-Performance Fabric / 1,,True
S7003-G0303920W-2PC-SOFA_7681905688746_47282521833642,Kenna 2 Seat Modular Sofa. Beige-Performance Fabric / 0,,True
S7003-G0303970W-4PC-MODULAR-O_8142994636970_47282463441066,Kenna 5 Seat Modular Sofa-Chaise Sectional. Green-Performance Fabric,,True
SET-MS76001-NP20104-3PC_8141441499306_46792904442026,Isaac Genuine Leather Wall Hugger Power Reclining Sofa with Power Headrest. 3-Seat Reclining Sofa / Saddle / 0,,True
SET-MS76001-NP20104-2PC_8141441499306_46792632729770,Isaac Genuine Leather Wall Hugger Power Reclining Sofa with Power Headrest. Loveseat Recliner / Saddle / 0,,True
MS76001-NP20100-AL_8142884274346_46796962332842,Isaac Armless Seat Module. Brown,,True
MS76001-NP20104-AL_8142884274346_46796962300074,Isaac Armless Seat Module. Saddle,,True
SET-MS76001-NP20100-3PC_8141441499306_46792904540330,Isaac Genuine Leather Wall Hugger Power Reclining Sofa with Power Headrest. 3-Seat Reclining Sofa / Brown / 0,,True
S72637-G0400801-6PC-MODULAR_8143036678314_46800289562794,Kenna 6 Seat Modular Sofa Pit Sectional. Dark Gray,,True
S72637-G0400801-4PC-MODULAR-C-CT_7681981481130_46800043737258,Kenna Modular 4 Seat Sofa-Chaise Sectional. With Corner Seat / Dark Gray / 1,,True
S72637-G0400801-4PC-MODULAR-CT_7681981481130_46800043671722,Kenna Modular 4 Seat Sofa-Chaise Sectional. With Ottoman / Dark Gray / 1,,True
S72637-G0400801-4PC-MODULAR-C_7681981481130_46800043344042,Kenna Modular 4 Seat Sofa-Chaise Sectional. With Corner Seat / Dark Gray / 0,,True
S72637-G0400801-4PC-MODULAR-O_8142994636970_46800043114666,Kenna 5 Seat Modular Sofa-Chaise Sectional. Dark Gray,,True
S72637-G0400801-3PC-SOFA-CT_7681977090218_46797424623786,Kenna 3 Seat Modular Sofa. With Armless Seat / Dark Gray / 1,,True
ME7A018-B-878-M_8131546153130_46757850611882,Vinca Modern Power Swivel Glider Recliner with Power Lumbar & Headrest. Fabric / Dove gray,,True
ME7A018-B-878-L_8129865285802_46750000971946,Vinca Power Swivel Nursery Glider Recliner with Power Lumbar & Headrest. Fabric / Dove gray,,True
SKJ008-G0403491-3S_8126860034218_46737105125546,Kiara 3-Seater Chenille Sofa with Birch Wood Base. Cream,,True
S78012-G0402170-CORNER-MODULAR-CT_7979047944362_46729293594794,Delaney 5-Seat V Shaped Modular Sofa Chaise. Moss Green / 1,,True
ME7A017-G0402170_8144454418602_46809425117354,Janice Power Swivel Nursery Glider Recliner with Power Headrest. Moss Green,,True
S78012-G0402170-CT_8121176228010_46711761928362,Delaney Power Functional Storage Console. Moss Green,,True
ME7A018-G0500770-M_8131546153130_46757850644650,Vinca Modern Power Swivel Glider Recliner with Power Lumbar & Headrest. Fabric / Forest Green,,True
ME7A018-G0402190-M_8131546153130_46757850546346,Vinca Modern Power Swivel Glider Recliner with Power Lumbar & Headrest. Fabric / Linen,,True
ME7A018-G0500770-L_8129865285802_46750001004714,Vinca Power Swivel Nursery Glider Recliner with Power Lumbar & Headrest. Fabric / Forest Green,,True
ME7A018-G0402190-L_8129865285802_46749992648874,Vinca Power Swivel Nursery Glider Recliner with Power Lumbar & Headrest. Fabric / Linen,,True
ME7A018-G0402110-M_8131546153130_46757850579114,Vinca Modern Power Swivel Glider Recliner with Power Lumbar & Headrest. Fabric / Khaki,,True
ME7A018-G0402110-L_8129865285802_46749992681642,Vinca Power Swivel Nursery Glider Recliner with Power Lumbar & Headrest. Fabric / Khaki,,True
S78012-G0402100-CORNER-MODULAR-CT_7979047944362_46729293562026,Delaney 5-Seat V Shaped Modular Sofa Chaise. Fossil Gray / 1,,True
S7003-G0303970W-6PC-MODULAR_8143036678314_47282385977514,Kenna 6 Seat Modular Sofa Pit Sectional. Green-Performance Fabric,,True
S7003-G0303920W-6PC-MODULAR_8143036678314_47282385911978,Kenna 6 Seat Modular Sofa Pit Sectional. Beige-Performance Fabric,,True
S78012-G0402190-CORNER-MODULAR-CT_7979047944362_46729293529258,Delaney 5-Seat V Shaped Modular Sofa Chaise. Milo Linen / 1,,True
S78012-G0402190-3PC-SOFA-CT_7721294561450_46729288712362,Delaney 3-Seat Modular Sofa. With Armless Seat / Milo Linen / 1,,True
MEA5031-G0201691_8198440026282_47264312885418,Sonia Recliner with Bluetooth Speakers and Power Lumbar Support. Cream,,True
MEA5031-G0201621_8198440026282_47264312852650,Sonia Recliner with Bluetooth Speakers and Power Lumbar Support. Taupe,,True
DC7073-A0603290W-GREY-2_8196885741738_47256142217386,Troy Boucle Dining Chair With Solid Wood. Pearl | Light Grey Base / Set of 4,,True
DC7073-A0603290W-WALNUT-2_8196885741738_47256142184618,Troy Boucle Dining Chair With Solid Wood. Pearl | Walnut Base / Set of 4,,True
DC7073-A0603290W-GREY_8196885741738_47256046665898,Troy Boucle Dining Chair With Solid Wood. Pearl | Light Grey Base / Set of 2,,True
DC7073-A0603290W-WALNUT_8196885741738_47256046633130,Troy Boucle Dining Chair With Solid Wood. Pearl | Walnut Base / Set of 2,,True
2-BS7017-A0603290W-GOLD_8131803054250_46759374520490,Cayla Modern Adjustable Height Swivel Barstool. Pearl White with Gold Base / 2-Pack,,True
S78012-G0402170-6PC-MODULAR-CT_7721297576106_46729493610666,Delaney 6-Seat Modular Sofa Chaise with Storage Ottomans. Moss Green / 1,,True
S78012-G0402100-6PC-MODULAR-CT_7721297576106_46729493577898,Delaney 6-Seat Modular Sofa Chaise with Storage Ottomans. Fossil Gray / 1,,True
S78012-G0402170-5PC-MODULAR-CT_7791606628522_46729294807210,Delaney 5-Seat Modular Sofa Chaise with Storage Ottomans. Moss Green / 1,,True
S78012-G0402100-5PC-MODULAR-CT_7791606628522_46729294774442,Delaney 5-Seat Modular Sofa Chaise with Storage Ottomans. Fossil Gray / 1,,True
S78012-G0402170-4PC-MODULAR-CT_7721294856362_46729291825322,Delaney 4-Seat Modular Sofa Chaise with Storage Ottoman. Moss Green / 1,,True
S78012-G0402100-4PC-MODULAR-CT_7721294856362_46729291792554,Delaney 4-Seat Modular Sofa Chaise with Storage Ottoman. Fossil Gray / 1,,True
S78012-G0402100-3PC-SOFA-CT_7721294561450_46729288745130,Delaney 3-Seat Modular Sofa. With Armless Seat / Fossil Gray / 1,,True
S78012-G0402100-2PC-SOFA-CT_7721291153578_46729283240106,Delaney 2-Seat Modular Sofa. Fossil Gray / 1,,True
ME7A016-G0402110_8192317456554_47236978639018,Errol Power Swivel Nursery Glider Recliner. Khaki,,True
ME7A016-G0402190_8192317456554_47236978606250,Errol Power Swivel Nursery Glider Recliner. Linen,,True
2-BS7038-CKS03502_8184497537194_47189770764458,Tanya Modern Chenille Swivel Counter Stool. Ivory | Matte Black Base / 2-Pack,,True
S78615-G0405970-3S_8165684904106_46942594367658,Dane Deep Seat Sofa with Tufted Sculptural Design. Forest Green,,True
S78615-A0405590-3S_8165684904106_46942594334890,Dane Deep Seat Sofa with Tufted Sculptural Design. Cream,,True
S78012-G0402170-3PC-SOFA-CT_7721294561450_46729288777898,Delaney 3-Seat Modular Sofa. With Armless Seat / Moss Green / 1,,True
BS7026-A0603211W-WALNUT-2_8161395900586_46913538130090,Troy Boucle Counter Stools With Solid Wood. Oatmeal | Walnut Base / 4-Pack,,True
BS7026-A0603290W-GREY-2_8161395900586_46913538097322,Troy Boucle Counter Stools With Solid Wood. Pearl | Light Oak Base / 4-Pack,,True
BS7026-A0603290W-WALNUT-2_8161395900586_46913538064554,Troy Boucle Counter Stools With Solid Wood. Pearl | Walnut Base / 4-Pack,,True
BS7026-A0603211W-WALNUT_8161395900586_46910979440810,Troy Boucle Counter Stools With Solid Wood. Oatmeal | Walnut Base / 2-Pack,,True
BS7026-A0603290W-GREY_8161395900586_46910979408042,Troy Boucle Counter Stools With Solid Wood. Pearl | Light Oak Base / 2-Pack,,True
BS7026-A0603290W-WALNUT_8161395900586_46910979375274,Troy Boucle Counter Stools With Solid Wood. Pearl | Walnut Base / 2-Pack,,True
S78012-G0402190-6PC-MODULAR-CT_7721297576106_46729493545130,Delaney 6-Seat Modular Sofa Chaise with Storage Ottomans. Milo Linen / 1,,True
S78012-G0402190-5PC-MODULAR-CT_7791606628522_46729294741674,Delaney 5-Seat Modular Sofa Chaise with Storage Ottomans. Milo Linen / 1,,True
S78012-G0402190-4PC-MODULAR-CT_7721294856362_46729291759786,Delaney 4-Seat Modular Sofa Chaise with Storage Ottoman. Milo Linen / 1,,True
ME7A017-B-878_8144454418602_46809425084586,Janice Power Swivel Nursery Glider Recliner with Power Headrest. Dove gray,,True
ME7A017-G0201691_8144454418602_46809357910186,Janice Power Swivel Nursery Glider Recliner with Power Headrest. Cream,,True
2-BS7018-A290W-GUNMETAL_8143734898858_46804411547818,Blythe Upholstered Adjustable Height Swivel Bar & Counter Stools. Gunmeta Metal Base / 2-Pack,,True
2-BS7018-A0603290W-SILVER_8143734898858_46804411482282,Blythe Upholstered Adjustable Height Swivel Bar & Counter Stools. Silver Metal Base / 2-Pack,,True
S7003-G0400801-C_8143048966314_46800348872874,Kenna Modular Corner Seat. Dark Gray,,True
S7003-G0400820-C_8143048966314_46800348840106,Kenna Modular Corner Seat. Cream,,True
S7003-G0400820-CT_8143042674858_46800321085610,Kenna Storage Console Table. Cream,,True
S7003-G0400801-CT_8143042674858_46800321052842,Kenna Storage Console Table. Dark Gray,,True
S72637-G0400820-6PC-MODULAR_8143036678314_46800289530026,Kenna 6 Seat Modular Sofa Pit Sectional. Cream,,True
S72637-G0400820-4PC-MODULAR-C-CT_7681981481130_46800043704490,Kenna Modular 4 Seat Sofa-Chaise Sectional. With Corner Seat / Cream / 1,,True
S72637-G0400820-4PC-MODULAR-CT_7681981481130_46800043638954,Kenna Modular 4 Seat Sofa-Chaise Sectional. With Ottoman / Cream / 1,,True
S72637-G0400820-4PC-MODULAR-C_7681981481130_46800043311274,Kenna Modular 4 Seat Sofa-Chaise Sectional. With Corner Seat / Cream / 0,,True
S72637-G0400820-4PC-MODULAR-O_8142994636970_46800043081898,Kenna 5 Seat Modular Sofa-Chaise Sectional. Cream,,True
S72637-G0400820-3PC-SOFA-CT_7681977090218_46797424558250,Kenna 3 Seat Modular Sofa. With Armless Seat / Cream / 1,,True
S72637-G0400801-2PC-SOFA-CT_7681905688746_46797414760618,Kenna 2 Seat Modular Sofa. Dark Gray / 1,,True
S72637-G0400820-2PC-SOFA-CT_7681905688746_46797414727850,Kenna 2 Seat Modular Sofa. Cream / 1,,True
S72637-G0400801-2PC-SOFA-O_7681977090218_46797310492842,Kenna 3 Seat Modular Sofa. With Ottoman / Dark Gray / 0,,True
S72637-G0400820-2PC-SOFA-O_7681977090218_46797310460074,Kenna 3 Seat Modular Sofa. With Ottoman / Cream / 0,,True
S78012-G0402170-2PC-SOFA-CT_7721291153578_46729283272874,Delaney 2-Seat Modular Sofa. Moss Green / 1,,True
KJWB007-CFF0041-1-Q_8131555066026_46757972443306,"Neta Modern Boucle Upholstered Platform Bed, Full & Queen Sizes. Queen",,True
KJWB007-CFF0041-1-F_8131555066026_46757972410538,"Neta Modern Boucle Upholstered Platform Bed, Full & Queen Sizes. Full",,True
2-BS7Y033-G0402190_8128001114282_46740669497514,Kenya Modern Upholstered Counter Stools. Linen / 2-Pack,,True
S78012-G0402190-2PC-SOFA-CT_7721291153578_46729283207338,Delaney 2-Seat Modular Sofa. Milo Linen / 1,,True
DC7Y050-G0402110-2_8107418910890_46667077714090,Leda Upholstered Swivel Dining Chair. Khaki / 2-Pack,,True
S78012-G0402100-CT_8121176228010_46711761895594,Delaney Power Functional Storage Console. Fossil Gray,,True
ME7A011-L1020_8104630714538_46655039242410,James Modern Genuine Leather Power Swivel Glider Recliner. Genuine Leather-Top Grain Leather / Light Gray,,True
ME7A011-U243022_8104630714538_46655039209642,James Modern Genuine Leather Power Swivel Glider Recliner. Genuine Leather-Top Grain Leather / Saddle,,True
S78012-G0402170-3PC-O_7721294561450_46620408250538,Delaney 3-Seat Modular Sofa. With Ottoman / Moss Green / 0,,True
S78012-G0402100-3PC-O_7721294561450_46620408217770,Delaney 3-Seat Modular Sofa. With Ottoman / Fossil Gray / 0,,True
S7009-G0402911-4S_8116191887530_46691817291946,Teleri Modern Curved Chenille Sofa with Solid Birch Wood Legs. Linen,,True
S78012-G0402190-3PC-O_7721294561450_46620408185002,Delaney 3-Seat Modular Sofa. With Ottoman / Milo Linen / 0,,True
S78012-G0402161-3PC-O_7721294561450_46620408316074,Delaney 3-Seat Modular Sofa. With Ottoman / Blue / 0,,True
S78012-G0402190-CT_8121176228010_46711761862826,Delaney Power Functional Storage Console. Milo Linen,,True
S7009-G0402910-4S_8116191887530_46691788980394,Teleri Modern Curved Chenille Sofa with Solid Birch Wood Legs. Cream,,True
DC7Y050-G0402110_8107418910890_46667077681322,Leda Upholstered Swivel Dining Chair. Khaki / 1-Pack,,True
DC7Y050-G0402170-4_8107418910890_46667074961578,Leda Upholstered Swivel Dining Chair. Moss Green / 4-Pack,,True
DC7Y050-G0402190-4_8107418910890_46667074896042,Leda Upholstered Swivel Dining Chair. Linen / 4-Pack,,True
DC7Y050-G0402170-2_8107418910890_46666920591530,Leda Upholstered Swivel Dining Chair. Moss Green / 2-Pack,,True
DC7Y050-G0402170_8107418910890_46666920558762,Leda Upholstered Swivel Dining Chair. Moss Green / 1-Pack,,True
DC7Y050-G0402190-2_8107418910890_46666920525994,Leda Upholstered Swivel Dining Chair. Linen / 2-Pack,,True
DC7Y050-G0402190_8107418910890_46666920493226,Leda Upholstered Swivel Dining Chair. Linen / 1-Pack,,True
S78012-G0402130-3PC-O_7721294561450_46620408283306,Delaney 3-Seat Modular Sofa. With Ottoman / Terracotta / 0,,True
BS7025-G0402110_8094188142762_46592741441706,Sienna Modern Rope Counter Stools. Khak / 2-Pack,,True
ME7A5022-NP20100_8095742918826_46600363802794,Garrison Genuine Leather Power Lay Flat Recliner with Power Headrest. Genuine Leather-Top Grain Leather / Brown,,True
ME7A5022-NP20099_8095742918826_46600336998570,Garrison Genuine Leather Power Lay Flat Recliner with Power Headrest. Genuine Leather-Top Grain Leather / Navy,,True
ME7A5022-NP20104_8095742918826_46600336933034,Garrison Genuine Leather Power Lay Flat Recliner with Power Headrest. Genuine Leather-Top Grain Leather / Saddle,,True
BS7025-17AY17-1_8094188142762_46592741408938,Sienna Modern Rope Counter Stools. Cream / 2-Pack,,True
MS76311-A0405590-CT_8091902017706_46582796746922,Skyline Power Console. Cream,,True
MS76311-A0405590-C_8091901362346_46582793568426,Skyline Modular Corner Seat. Cream,,True
MS76311-A0405590-AL_8091899953322_46582784065706,Skyline Armless Chair. 0,,True
S71163-G0401790W-3S_7877270438058_46582393471146,Keaton Performance Fabric 3-Seater Sofa with Ash Wood Base (99''). Ivory,,True
MS76311-A0405590-ALE_8091899953322_46582784032938,Skyline Armless Chair. 1,,True
MS76311-A0405590-5PC-3PW-2CT_8088607850666_46569349972138,Skyline 3-Seat Zero Gravity Reclining Sofa with Power Headrest. 3 / 2,,True
MS76311-A0405590-4PC-3PW-CT_8088607850666_46569349939370,Skyline 3-Seat Zero Gravity Reclining Sofa with Power Headrest. 3 / 1,,True
MS76311-A0405590-3PC-3PW_8088607850666_46569349906602,Skyline 3-Seat Zero Gravity Reclining Sofa with Power Headrest. 3 / 0,,True
MS76311-A0405590-3PC-2PW-CT_8091836252330_46582518972586,Skyline 2-Seat Zero Gravity Reclining Sofa with Power Headrest. 2 / 1,,True
MS76311-A0405590-2PC-2PW_8091836252330_46582518939818,Skyline 2-Seat Zero Gravity Reclining Sofa with Power Headrest. 2 / 0,,True
MS76311-A0405590-5PC-2PW-2CT_8088607850666_46569349873834,Skyline 3-Seat Zero Gravity Reclining Sofa with Power Headrest. 2 / 2,,True
MS76311-A0405590-4PC-2PW-CT_8088607850666_46569349841066,Skyline 3-Seat Zero Gravity Reclining Sofa with Power Headrest. 2 / 1,,True
MS76311-A0405590-3PC-2PW_8088607850666_46569349808298,Skyline 3-Seat Zero Gravity Reclining Sofa with Power Headrest. 2 / 0,,True
KF-A1079-B-1105-2_6937255739562_46562076393642,Wren Modern Swivel Accent Chair. Ivory-Fabric / 2 pack,,True
ME7A010-L2201_8065019773098_46451647316138,Maxwell Genuine Leather Swivel Glider Recliner with Power Lumbar & Headrest. Genuine Leather-Top Grain Leather / Cognac,,True
MS76311-A0405590-5PC-4PW-C_8088456265898_46568946270378,Skyline 5-Seat Zero Gravity Reclining Sectional sofa with Power Headrest. 4 (Note: Corner-side seats can't recline simultaneously) / 0,,True
MS76311-A0405590-6PC-4PW-C-CT_8088456265898_46568946237610,Skyline 5-Seat Zero Gravity Reclining Sectional sofa with Power Headrest. 4 (Note: Corner-side seats can't recline simultaneously) / 1,,True
2-AC72901B-PU6030_7904275660970_46436331815082,Charlotte Modern Accent Chair. Saddle Brown. Faux Leather / 2 pack,,True
DC72232-A0603290T-2_7984977182890_46565317542058,Lilibet Wingback Rolling Dining Chair With Casters. Inward / Pearl-Boucle (Inward) / 4-Pack,,True
ME7A008-A0603290W_8081444700330_46536279097514,Lulla Power Swivel Nursery Glider Recliner with Power Headrest and Nightlight. Performance Bouclé / Pearl,,True
DC72232-A0603211T-2_7984977182890_46565317574826,Lilibet Wingback Rolling Dining Chair With Casters. Inward / Oatmeal-Boucle (Inward) / 4-Pack,,True
ME7A010-U243022_8065019773098_46451642957994,Maxwell Genuine Leather Swivel Glider Recliner with Power Lumbar & Headrest. Genuine Leather-Top Grain Leather / Saddle,,True
MS76311-A0405590-4PC-3PW-C_8088523210922_46569089826986,Skyline 4-Seat Zero Gravity Reclining Sectional sofa with Power Headrest. 3 (Note: Corner-side seats can't recline simultaneously) / 0,,True
MS76311-A0405590-5PC-3PW-C-CT_8088523210922_46569089794218,Skyline 4-Seat Zero Gravity Reclining Sectional sofa with Power Headrest. 3 (Note: Corner-side seats can't recline simultaneously) / 1,,True
MS76311-A0405590-5PC-3PW-C_8088456265898_46568946204842,Skyline 5-Seat Zero Gravity Reclining Sectional sofa with Power Headrest. 3 / 0,,True
MS76311-A0405590-6PC-3PW-C-CT_8088456265898_46568946172074,Skyline 5-Seat Zero Gravity Reclining Sectional sofa with Power Headrest. 3 / 1,,True
ME7A010-L1020_8065019773098_46451642990762,Maxwell Genuine Leather Swivel Glider Recliner with Power Lumbar & Headrest. Genuine Leather-Top Grain Leather / Light Gray,,True
KF-A1079-H706-2_6937255739562_46562076524714,Wren Modern Swivel Accent Chair. Gray-Velvet / 2 pack,,True
KF-A1079-H732-2_6937255739562_46562076459178,Wren Modern Swivel Accent Chair. Burnt Orange-Velvet / 2 pack,,True
KF-A1079-C0200320T-2_6937255739562_46562076295338,Wren Modern Swivel Accent Chair. Flax Beige-Performance Fabric / 2 pack,,True
DC72232-A0603201T-2_7984977182890_46565317607594,Lilibet Wingback Rolling Dining Chair With Casters. Inward / Gray-Boucle (Inward) / 4-Pack,,True
KF-A1079-B-898-2_6937255739562_46562076360874,Wren Modern Swivel Accent Chair. Dark Gray-Fabric / 2 pack,,True
MS76311-A0405590-4PC-2PW-C_8088523210922_46569089761450,Skyline 4-Seat Zero Gravity Reclining Sectional sofa with Power Headrest. 2 / 0,,True
MS76311-A0405590-5PC-2PW-C-CT_8088523210922_46569089728682,Skyline 4-Seat Zero Gravity Reclining Sectional sofa with Power Headrest. 2 / 1,,True
MS76311-A0405590-5PC-2PW-C_8088456265898_46568946139306,Skyline 5-Seat Zero Gravity Reclining Sectional sofa with Power Headrest. 2 / 0,,True
MS76311-A0405590-6PC-2PW-C-CT_8088456265898_46568946106538,Skyline 5-Seat Zero Gravity Reclining Sectional sofa with Power Headrest. 2 / 1,,True
DC72233-A0603211T-2_7984977182890_46565317705898,Lilibet Wingback Rolling Dining Chair With Casters. Outward / Oatmeal-Boucle (Outward) / 4-Pack,,True
DC72233-A0603290T-2_7984977182890_46565317673130,Lilibet Wingback Rolling Dining Chair With Casters. Outward / Pearl-Boucle (Outward) / 4-Pack,,True
KF-A1079-H773-VN-2_6937255739562_46562076426410,Wren Modern Swivel Accent Chair. Forest Green-Velvet / 2 pack,,True
KF-A1079-B-899-2_6937255739562_46562076328106,Wren Modern Swivel Accent Chair. Light Gray-Fabric / 2 pack,,True
KF-A1079-B-1223-2_6937255739562_46562076262570,Wren Modern Swivel Accent Chair. Linen-Fabric / 2 pack,,True
2-AC72901B-ENJOY100_7904275660970_46436331782314,Charlotte Modern Accent Chair. Beige. Fabric / 2 pack,,True
ME7A6058B-A0405500_8045204209834_46362073792682,Henry Swivel Accent Chair with Electric Footrests & Charging Ports. Fabric / Light Gray,,True
KF-Y2006-PU6033_7740108472490_46371917136042,Eli Swivel Bar & Counter Stool. Counter Height 27''. 2 Pack / Faux Leather / Blue,,True
AC72113-A0603211T_7798785048746_46331552858282,Jolie Performance Boucle Swivel Accent Chair. Bouclé / Sand,,True
ME7A075B-G0402110_7855371714730_46307919593642,Keni Wall Hugger Power Recliner with Power Headrest. Fabric / Khaki,,True
ME76507-B1072-3PC-3PW_8042880008362_46352400548010,Sophia 3-Piece Feather Power Modular Sofa with Electric Footrests. 3,,True
ME7A6067-CREAM-1S_7976510226602_46417318707370,Isaac Genuine Leather Wall Hugger Power Recliner with Power Headrest. Cream / Standard,,True
S7001-G0402100-6PC-MODULAR_8040585986218_46342605045930,Liam 6-Piece Overstuffed Feather Wood Base Sectional Sofa. Fossil Gray / U-Shape,,True
S7001-G0402100-2PC-SOFA_8039473316010_46338814410922,Liam 2-Piece Overstuffed Feather Wood Base Sectional Sofa. Fossil Gray,,True
S7001-G0402100-5PC-C_8039456702634_46338785837226,Liam 5-Piece Overstuffed Feather Wood Base Sectional Sofa. Corner V / Fossil Gray,,True
S7001-G0402100-5PC-MODULAR_8039456702634_46338785771690,Liam 5-Piece Overstuffed Feather Wood Base Sectional Sofa. With Ottomans / Fossil Gray,,True
S7001-G0402100-3PC-SOFA_8039382024362_46338635890858,Liam 3-Piece Overstuffed Feather Wood Base Sectional Sofa. With Armless Seat / Fossil Gray,,True
S7001-G0402100-3PC-O_8039382024362_46338635825322,Liam 3-Piece Overstuffed Feather Wood Base Sectional Sofa. With Ottoman / Fossil Gray,,True
S7001-G0402100-4PC-C_8036334174378_46324235960490,Liam 4-Piece Overstuffed Feather Wood Base Sectional Sofa. L Shape / Fossil Gray,,True
S7001-G0402100-4PC-MODULAR_8036334174378_46324218757290,Liam 4-Piece Overstuffed Feather Wood Base Sectional Sofa. With Ottomans / Fossil Gray,,True
ME7A075B-G0402190_7855371714730_46307919659178,Keni Wall Hugger Power Recliner with Power Headrest. Fabric / Milo Linen,,True
DC7019-PU6030_8049274323114_46379349606570,Golda Dining Chair With Metal Base. Saddle Brown (Faux Leather) / 2-Pack,,True
ME76507-B1072-3PC-2PW_8042880008362_46352400613546,Sophia 3-Piece Feather Power Modular Sofa with Electric Footrests. 2,,True
ME76507-B1072-2PC-2PW_8041910042794_46348555190442,Sophia 2-Piece Feather Power Modular Sofa with Electric Footrests. 2,,True
3-DC7019-PU6030_8049274323114_46381153452202,Golda Dining Chair With Metal Base. Saddle Brown (Faux Leather) / 3-Pack,,True
3-DC7019-G0402170_8049274323114_46381153419434,Golda Dining Chair With Metal Base. Moss Green (Fabric) / 3-Pack,,True
DC7019-G0402170_8049274323114_46381152567466,Golda Dining Chair With Metal Base. Moss Green (Fabric) / 2-Pack,,True
BS72020-17AY17-1-Natural_8011799199914_46197519909034,Arcadia Woven Swivel Counter Stool. Woven Cord & Wood / Natural / 2 pack,,True
3-DC7019-A0300303_8049274323114_46381153386666,Golda Dining Chair With Metal Base. White (Fabric) / 3-Pack,,True
MS76379-G0402190-C_8020963197098_46247498481834,Ohana Modular Corner Seat. Milo Linen,,True
S7001-G0402190-6PC-MODULAR_8040585986218_46342605013162,Liam 6-Piece Overstuffed Feather Wood Base Sectional Sofa. Milo Linen / U-Shape,,True
S7001-G0402190-AL_8039478624426_46338823094442,Liam Overstuffed Feather Modular Armless Seat. Milo Linen,,True
S7001-G0402190-5PC-C_8039456702634_46338785804458,Liam 5-Piece Overstuffed Feather Wood Base Sectional Sofa. Corner V / Milo Linen,,True
S7001-G0402190-5PC-MODULAR_8039456702634_46338785738922,Liam 5-Piece Overstuffed Feather Wood Base Sectional Sofa. With Ottomans / Milo Linen,,True
S7001-G0402190-3PC-SOFA_8039382024362_46338635858090,Liam 3-Piece Overstuffed Feather Wood Base Sectional Sofa. With Armless Seat / Milo Linen,,True
S7001-G0402190-4PC-C_8036334174378_46324235927722,Liam 4-Piece Overstuffed Feather Wood Base Sectional Sofa. L Shape / Milo Linen,,True
S7001-G0402190-4PC-MODULAR_8036334174378_46324212072618,Liam 4-Piece Overstuffed Feather Wood Base Sectional Sofa. With Ottomans / Milo Linen,,True
BS71027G-PU6016_7280989208746_46376321089706,Asher Swivel Nailhead Trim Bar & Counter Stools. Counter Height 26''. 2-Pack / Faux Leather / Retro Gray,,True
ME7A6073-G0403790_8034969845930_46315672240298,Elysian Power Swivel Nursery Glider Recliner with Adjustable Headrest. Chenille Contrast Luxe / White,,True
ME76507-B1072-ALE_8030268096682_46350765228202,Sophia Power Armless Seat Module with Electric Footrest. Powered Armless Module (Sofa Set Only) / Cream,,True
MS76379-G0402190-4PC-3PW_7995218100394_46193759649962,Ohana 4-Seat Zero Gravity Modular Reclining Sofa. 3 (Note: Corner-side seats can't recline simultaneously) / 0 / Milo Linen,,True
S7001-G0402190-2PC-SOFA_8039473316010_46338814378154,Liam 2-Piece Overstuffed Feather Wood Base Sectional Sofa. Milo Linen,,True
S7001-G0402190-3PC-O_8039382024362_46338635792554,Liam 3-Piece Overstuffed Feather Wood Base Sectional Sofa. With Ottoman / Milo Linen,,True
ME76507-B1072-3PC-O_8029590388906_46288552231082,Sophia 3-Piece Feather Modular Sofa. With Ottoman / Cream,,True
ME76507-B1072-4PC-MODULAR_8029559095466_46288513794218,Sophia 4-Piece Feather Modular Sofa. Cream / L-Shape,,True
ME76507-B1072-6PC-MODULAR_8029532324010_46288391995562,Sophia 6-Piece Feather Modular Sofa. Cream / U-Shape,,True
ME76507-B1072-O_8029412819114_46288077127850,Sophia Storage Ottoman. Cream,,True
ME76507-B1072-5PC-MODULAR_8016922837162_46288043278506,Sophia 5-Piece Feather Modular Sofa. With Ottomans / Cream,,True
ME7A003-G0402911_8048410853546_46374976258218,Aurora Power Swivel Nursery Glider Recliner. Fabric / Oatmeal,,True
ME7A003-G0402910_8048410853546_46374976225450,Aurora Power Swivel Nursery Glider Recliner. Fabric / Cream,,True
ME7A6073-B1105_8034969845930_46315676893354,Elysian Power Swivel Nursery Glider Recliner with Adjustable Headrest. Hopsack Premium Blend / Ivory,,True
S7001-G0402190-O_8037500649642_46328455200938,Liam Overstuffed Feather Ottoman. Milo Linen,,True
S7001-G0402100-AL_8039478624426_46338823127210,Liam Overstuffed Feather Modular Armless Seat. Fossil Gray,,True
MS7818B-A0400502-5PC-3PW-2CT_8046070202538_46367053906090,Oliver 3-Seat Wall-hugger Reclining Sectional Sofa with Power Headrest. 3 / 2 / Creamy Gray,,True
MS7818B-A0400502-5PC-2PW-2CT_8046070202538_46367053873322,Oliver 3-Seat Wall-hugger Reclining Sectional Sofa with Power Headrest. 2 / 2 / Creamy Gray,,True
DC7019-A0300303_8049274323114_46379349573802,Golda Dining Chair With Metal Base. White (Fabric) / 2-Pack,,True
S7001-G0402100-C_8040575860906_46342578864298,Liam Overstuffed Feather Modular Corner Seat. Fossil Gray,,True
S7001-G0402190-C_8040575860906_46342578831530,Liam Overstuffed Feather Modular Corner Seat. Milo Linen,,True
S78003-A0603290T-2PC-SOFA-O_7868339945642_46406842745002,Josie Performance Boucle 2-Piece Modular Sofa (80. 3''). Pearl / Ottoman,,True
S78003-A0603201T-2PC-SOFA-O_7868339945642_46406842712234,Josie Performance Boucle 2-Piece Modular Sofa (80. 3''). Light Gray / Ottoman,,True
S7001-G0402100-O_8037500649642_46328455233706,Liam Overstuffed Feather Ottoman. Fossil Gray,,True
ME7A006-G0401790_8029113286826_46286390657194,Mila Power Swivel Nursery Glider Recliner. Fabric / Cream White,,True
ME76507-B1072-2PC-SOFA_8030266785962_46292397949098,Sophia 2-Piece Feather Modular Sofa. Cream,,True
ME76507-B1072-3PC-SOFA_8029590388906_46288552198314,Sophia 3-Piece Feather Modular Sofa. With Armless Seat / Cream,,True
BS71027G-PU6016-76CM_7280989208746_46376321286314,Asher Swivel Nailhead Trim Bar & Counter Stools. Bar Height 30''. 2-Pack / Faux Leather / Retro Gray,,True
MS7818B-A0400502-CT_8046093238442_46367131402410,Oliver Power Console. Creamy Gray,,True
MS7818B-A0400502-C_8046092910762_46367130714282,Oliver Modular Corner Seat. Creamy Gray,,True
MS7818B-A0400502-AL_8046078886058_46367081726122,Oliver Armless Chair. 0 / Creamy Gray,,True
MS7818B-A0400502-ALE_8046078886058_46367081660586,Oliver Armless Chair. 1 / Creamy Gray,,True
MS7818B-A0400502-3PC-2PW-CT_8046078165162_46367078711466,Oliver 2-Seat Wall-hugger Reclining Sectional Sofa with Power Headrest. 2 / 1 / Creamy Gray,,True
MS7818B-A0400502-2PC-2PW_8046078165162_46367078678698,Oliver 2-Seat Wall-hugger Reclining Sectional Sofa with Power Headrest. 2 / 0 / Creamy Gray,,True
MS7818B-A0400502-3PC-3PW_8046070202538_46367053709482,Oliver 3-Seat Wall-hugger Reclining Sectional Sofa with Power Headrest. 3 / 0 / Creamy Gray,,True
MS7818B-A0400502-4PC-3PW-CT_8046070202538_46367053676714,Oliver 3-Seat Wall-hugger Reclining Sectional Sofa with Power Headrest. 3 / 1 / Creamy Gray,,True
MS7818B-A0400502-3PC-2PW_8046070202538_46367053643946,Oliver 3-Seat Wall-hugger Reclining Sectional Sofa with Power Headrest. 2 / 0 / Creamy Gray,,True
MS7818B-A0400502-4PC-2PW-CT_8046070202538_46367053611178,Oliver 3-Seat Wall-hugger Reclining Sectional Sofa with Power Headrest. 2 / 1 / Creamy Gray,,True
MS7818B-A0400502-5PC-4PW-C_8046063648938_46367038570666,Oliver 5-Seat Wall-hugger Reclining Sectional Sofa with Power Headrest. 4 (Note: Corner-side seats can't recline simultaneously) / 0 / Creamy Gray,,True
MS7818B-A0400502-6PC-4PW-C-CT_8046063648938_46367038537898,Oliver 5-Seat Wall-hugger Reclining Sectional Sofa with Power Headrest. 4 (Note: Corner-side seats can't recline simultaneously) / 1 / Creamy Gray,,True
MS7818B-A0400502-5PC-3PW-C_8046063648938_46367021334698,Oliver 5-Seat Wall-hugger Reclining Sectional Sofa with Power Headrest. 3 / 0 / Creamy Gray,,True
MS7818B-A0400502-6PC-3PW-C-CT_8046063648938_46367021301930,Oliver 5-Seat Wall-hugger Reclining Sectional Sofa with Power Headrest. 3 / 1 / Creamy Gray,,True
MS7818B-A0400502-5PC-2PW-C_8046063648938_46367021269162,Oliver 5-Seat Wall-hugger Reclining Sectional Sofa with Power Headrest. 2 / 0 / Creamy Gray,,True
MS7818B-A0400502-6PC-2PW-C-CT_8046063648938_46367021236394,Oliver 5-Seat Wall-hugger Reclining Sectional Sofa with Power Headrest. 2 / 1 / Creamy Gray,,True
ME7A6058B-A0405590_8045204209834_46362058948778,Henry Swivel Accent Chair with Electric Footrests & Charging Ports. Fabric / Cream,,True
S78527-A0405590-5PC-2CT_8022103064746_46251421106346,Grace 3-Seat Modular Curved Sofa – Generously Sized Design. 2 / 0 / Cream,,True
S72637-G0400801-2PC-SOFA_7681905688746_46354844254378,Kenna 2 Seat Modular Sofa. Dark Gray / 0,,True
S72637-G0400820-2PC-SOFA_7681905688746_46354844188842,Kenna 2 Seat Modular Sofa. Cream / 0,,True
S78527-A0405590-CT_8022103687338_46251423269034,Grace Storage Wedge Console. Cream,,True
S78527-A0405590-5PC-C-CT_8022103228586_46251421991082,Grace 4-Seat Modular Curved Sofa – Generously Sized Design. 1 / 0 / Cream,,True
S78527-A0405590-4PC-CT_8022103064746_46251421237418,Grace 3-Seat Modular Curved Sofa – Generously Sized Design. 1 / 0 / Cream,,True
S78527-A0405590-3PC-CT_8022098182314_46251411013802,Grace 2-Seat Modular Curved Sofa – Generously Sized Design. 1 / 0 / Dove Gray,,True
ME7A075B-CU013_7855371714730_46307919429802,Keni Wall Hugger Power Recliner with Power Headrest. Faux Leather / Cream,,True
MS7818B-A0400502-4PC-3PW-C_8024225611946_46262300999850,Oliver 4-Seat Wall-hugger Reclining Sectional Sofa with Power Headrest. 3 (Note: Corner-side seats can't recline simultaneously) / 0 / Creamy Gray,,True
MS7818B-A0400502-5PC-3PW-C-CT_8024225611946_46262300934314,Oliver 4-Seat Wall-hugger Reclining Sectional Sofa with Power Headrest. 3 (Note: Corner-side seats can't recline simultaneously) / 1 / Creamy Gray,,True
MS7818B-A0400502-4PC-2PW-C_8024225611946_46262300868778,Oliver 4-Seat Wall-hugger Reclining Sectional Sofa with Power Headrest. 2 / 0 / Creamy Gray,,True
MS7818B-A0400502-5PC-2PW-C-CT_8024225611946_46262300803242,Oliver 4-Seat Wall-hugger Reclining Sectional Sofa with Power Headrest. 2 / 1 / Creamy Gray,,True
ME76507-B1072-AL_8030268096682_46292403290282,Sophia Power Armless Seat Module with Electric Footrest. Standard Armless Module / Cream,,True
ME7A006-G0401700_8029113286826_46286390689962,Mila Power Swivel Nursery Glider Recliner. Fabric / Dove Gray,,True
S78527-A0405500-C_8022104277162_46251425759402,Grace Modular Corner Seat – Generously Sized Design. Dove Gray,,True
S78527-A0405500-5PC-C-O_8022103228586_46251422089386,Grace 4-Seat Modular Curved Sofa – Generously Sized Design. 0 / 1 / Dove Gray,,True
S78527-A0405590-C_8022104277162_46251425726634,Grace Modular Corner Seat – Generously Sized Design. Cream,,True
S78527-A0405500-2AL_8022104047786_46251424809130,Grace Modular Armless Sofa Chair – Generously Sized Design. Dove Gray,,True
S78527-A0405590-2AL_8022104047786_46251424776362,Grace Modular Armless Sofa Chair – Generously Sized Design. Cream,,True
S78527-A0405500-O_8022103851178_46251424121002,Grace Round Storage Coffee Ottoman. Dove Gray,,True
S78527-A0405500-CT_8022103687338_46251423301802,Grace Storage Wedge Console. Dove Gray,,True
S78527-A0405500-4PC-C_8022103228586_46251422154922,Grace 4-Seat Modular Curved Sofa – Generously Sized Design. 0 / 0 / Dove Gray,,True
S78527-A0405590-4PC-C_8022103228586_46251422122154,Grace 4-Seat Modular Curved Sofa – Generously Sized Design. 0 / 0 / Cream,,True
S78527-A0405500-5PC-C-CT_8022103228586_46251422023850,Grace 4-Seat Modular Curved Sofa – Generously Sized Design. 1 / 0 / Dove Gray,,True
S78527-A0405500-6PC-C-CT-O_8022103228586_46251421958314,Grace 4-Seat Modular Curved Sofa – Generously Sized Design. 1 / 1 / Dove Gray,,True
S78527-A0405500-3PC-SOFA_8022103064746_46251421401258,Grace 3-Seat Modular Curved Sofa – Generously Sized Design. 0 / 0 / Dove Gray,,True
S78527-A0405590-3PC-SOFA_8022103064746_46251421368490,Grace 3-Seat Modular Curved Sofa – Generously Sized Design. 0 / 0 / Cream,,True
S78527-A0405500-4PC-O_8022103064746_46251421335722,Grace 3-Seat Modular Curved Sofa – Generously Sized Design. 0 / 1 / Dove Gray,,True
S78527-A0405500-4PC-CT_8022103064746_46251421270186,Grace 3-Seat Modular Curved Sofa – Generously Sized Design. 1 / 0 / Dove Gray,,True
S78527-A0405500-5PC-CT-O_8022103064746_46251421204650,Grace 3-Seat Modular Curved Sofa – Generously Sized Design. 1 / 1 / Dove Gray,,True
S78527-A0405500-5PC-2CT_8022103064746_46251421139114,Grace 3-Seat Modular Curved Sofa – Generously Sized Design. 2 / 0 / Dove Gray,,True
S78527-A0405500-6PC-2CT-O_8022103064746_46251421073578,Grace 3-Seat Modular Curved Sofa – Generously Sized Design. 2 / 1 / Dove Gray,,True
S78527-A0405500-2PC-SOFA_8022098182314_46251411112106,Grace 2-Seat Modular Curved Sofa – Generously Sized Design. 0 / 0 / Dove Gray,,True
S78527-A0405590-2PC-SOFA_8022098182314_46251411079338,Grace 2-Seat Modular Curved Sofa – Generously Sized Design. 0 / 0 / Cream,,True
S78527-A0405500-3PC-CT_8022098182314_46251410981034,Grace 2-Seat Modular Curved Sofa – Generously Sized Design. 1 / 0 / Cream,,True
S78527-A0405500-4PC-CT-O_8022098182314_46251410948266,Grace 2-Seat Modular Curved Sofa – Generously Sized Design. 1 / 1 / Dove Gray,,True
S78527-A0405500-3PC-O_8022098182314_46251410129066,Grace 2-Seat Modular Curved Sofa – Generously Sized Design. 0 / 1 / Cream,,True
BS72025-CU6722-Espresso_8011801624746_46214905561258,Gianna Swivel Counter Stool. Modern / Camel. Faux Leather / 2-Pack,,True
BS72024-CU6722-Espresso_8011801624746_46214905528490,Gianna Swivel Counter Stool. Classic / Camel. Faux Leather / 2-Pack,,True
O7003-PU167_8011815059626_46197624668330,Twin Stone-shaped Storage Modern Ottoman. White / Faux Leather,,True
O7001-PU167_8011799134378_46197539111082,Nest Oval storage ottoman Storage Mid Century Ottoman. White / Faux Leather,,True
BS72024-KH2B163-3-Beige_8011801624746_46197538193578,Gianna Swivel Counter Stool. Classic / Grey. Fabric / 2-Pack,,True
MS76379-G0402100-CT_7995429748906_46131710623914,Ohana Power Console. Fossil Gray,,True
KF-A1038C-G0402130-L_7463145701546_45304560451754,Henry Swivel Accent Chair with Wood Base. Fabric / Terracotta,,True
KF-A1038C-G0402130-Z_7803000029354_45304392876202,Henry Modern Swivel Accent Chair. Fabric / Terracotta,,True
M-79098-U243022_6937255674026_45271640965290,Joy Power Swivel Recliner with Manual Headrest. Genuine Leather / Saddle Brown,,True
AC7001-TEDDY175_8009099149482_46185794044074,Teddi Modern Accent Chair. Fabric / Camel / 1 pack,,True
KJWB003-LY2111-1-F_7988611547306_46099632128170,Solace Full Solid Wood Boucle Upholstered Bed. Cream,,True
S78012-G0402170-CORNER_7982923776170_46075209154730,Delaney Modular Corner Seat. Moss Green,,True
S78012-G0402170-CORNER-MODULAR_7979047944362_46059680727210,Delaney 5-Seat V Shaped Modular Sofa Chaise. Moss Green / 0,,True
BS72007-PUGTSF-76_7618938634410_45720458723498,Aislinn Swivel Bar & Counter Stools. Classic / Bar Height 30. 3''. 2-Pack / Sand Gray. Faux Leather,,True
2-AC7001-TEDDY175_8009099149482_46185804595370,Teddi Modern Accent Chair. Fabric / Camel / 2pack,,True
KJWB002-CFF0037-1-Q_7988523401386_46099433423018,Serene Queen Contemporary Upholstered Platform Bed. Cream,,True
DC72233-G0402161_7984977182890_46084788093098,Lilibet Wingback Rolling Dining Chair With Casters. Outward / Blue-Chenille (Outward) / 2-Pack,,True
ME7056B-L2206-M_6956504318122_45221285462186,Tracee Modern Power Swivel Glider Recliner. Genuine Leather / White,,True
ME7056B-L2206-Z_7793206132906_45221259182250,Tracee Power Swivel Nursery Glider Recliner. Genuine Leather / White,,True
ME7A130-G0402190_7970439168170_45914505347242,Theo Power Swivel Glider Recliner. Linen. Fabric / Regular Fixed,,True
ME7A130-B878_7970439168170_45914505314474,Theo Power Swivel Glider Recliner. Dove. Fabric / Regular Fixed,,True
Y606D-PU223-76_6936561746090_45789289119914,Alina Modern Swivel Bar & Counter Stool. Bar Height 30''. 2 Pack / Faux Leather / Black,,True
ME7056B-CU001-VN-Z_7793206132906_45158118949034,Tracee Power Swivel Nursery Glider Recliner. Faux Leather / Gray,,True
KJWB003-LY2111-1-Q_7988611612842_46099632259242,Solace Queen Solid Wood Boucle Upholstered Bed. Cream,,True
S78012-G0402100-CORNER_7982923776170_46075209121962,Delaney Modular Corner Seat. Fossil Gray,,True
S78012-G0402100-CORNER-MODULAR_7979047944362_46059680694442,Delaney 5-Seat V Shaped Modular Sofa Chaise. Fossil Gray / 0,,True
ME7A6055-GREY_7966400676010_45886936842410,Davin Power Lift Assist Infinite Position Recliner. Top Grain Leather / Light Gray,,True
AC72303-G0402190-Walnut_7923990200490_45408635355306,Liora Modern Swivel Accent Chair. Linen + Walnut / Fabric,,True
MS76379-G0402190-CT_7995429748906_46131710591146,Ohana Power Console. Milo Linen,,True
Y1510H-PU159-76CM_7379877789866_45843805667498,Lissa Swivel Bar & Counter Stool. Bar Height 30. 7''. 2 Pack / Light Gray. Faux Leather,,True
BS72022-PUGTSF_7618938634410_46187641667754,Aislinn Swivel Bar & Counter Stools. Modern / Counter Height 27''. 2-Pack / Sand Gray. Faux Leather,,True
BS72022-B-20315_7618938634410_46187641602218,Aislinn Swivel Bar & Counter Stools. Modern / Counter Height 27''. 2-Pack / Cream. Fabric,,True
2-AC7001-TEDDY103_8009099149482_46185804562602,Teddi Modern Accent Chair. Fabric / Ivory / 2pack,,True
KF-A1038C-L2206-L_7463145701546_45408809222314,Henry Swivel Accent Chair with Wood Base. Genuine Leather / White,,True
KF-A1038C-L2206-Z_7803000029354_45408792805546,Henry Modern Swivel Accent Chair. Genuine Leather / White,,True
BS72018-B1362_7891137364138_45194525474986,Golda Counter Stools with Metal Base. Gray (Fabric) / 2-Pack,,True
ME7056B-G0402130-M_6956504318122_45221285363882,Tracee Modern Power Swivel Glider Recliner. Fabric / Amber,,True
ME7056B-G0402130-Z_7793206132906_45221259083946,Tracee Power Swivel Nursery Glider Recliner. Fabric / Amber,,True
AC71200D-L2206_7887745417386_45174455140522,Elvin Genuine Leather Recliner Lounge Chair & Ottoman. Genuine Top-grain Leather: White,,True
KF-Y2007-B-20315_7618938634410_45714604392618,Aislinn Swivel Bar & Counter Stools. Classic / Counter Height 27''. 2-Pack / Cream. Fabric,,True
DC72232-A0603211T_7984977182890_46083549167786,Lilibet Wingback Rolling Dining Chair With Casters. Inward / Oatmeal-Boucle (Inward) / 2-Pack,,True
KF-A1038C-G0402161-L_7463145701546_45304560484522,Henry Swivel Accent Chair with Wood Base. Fabric / Blue,,True
KF-A1038C-G0402161-Z_7803000029354_45304392908970,Henry Modern Swivel Accent Chair. Fabric / Blue,,True
AC7001-TEDDY103_8009099149482_46185794011306,Teddi Modern Accent Chair. Fabric / Ivory / 1 pack,,True
MS76379-G0402100-AL_7995320336554_46130648383658,Ohana Modular Armless Chair. Standard Armless Module / Fossil Gray,,True
MS76379-G0402190-AL_7995320336554_46130648350890,Ohana Modular Armless Chair. Standard Armless Module / Milo Linen,,True
MS76379-G0402100-ALE_7995320336554_46130647957674,Ohana Modular Armless Chair. Powered Armless Module (Sofa Set Only) / Fossil Gray,,True
MS76379-G0402190-ALE_7995320336554_46130647924906,Ohana Modular Armless Chair. Powered Armless Module (Sofa Set Only) / Milo Linen,,True
DC72232-G0402161_7984977182890_46083549233322,Lilibet Wingback Rolling Dining Chair With Casters. Inward / Blue-Chenille (Inward) / 2-Pack,,True
DC72232-A0603290T_7984977182890_46083549135018,Lilibet Wingback Rolling Dining Chair With Casters. Inward / Pearl-Boucle (Inward) / 2-Pack,,True
S78012-G0402190-CORNER_7982923776170_46075209089194,Delaney Modular Corner Seat. Milo Linen,,True
S78012-G0402130-CORNER-MODULAR_7979047944362_46059680759978,Delaney 5-Seat V Shaped Modular Sofa Chaise. Terracotta / 0,,True
S78012-G0402190-CORNER-MODULAR_7979047944362_46059680661674,Delaney 5-Seat V Shaped Modular Sofa Chaise. Milo Linen / 0,,True
ME7A6055-SADDLE_7966400676010_45886936776874,Davin Power Lift Assist Infinite Position Recliner. Top Grain Leather / Saddle,,True
BS72001-PU6016-76_7519248318634_45844958544042,Nova Swivel Bar & Counter Stool. Bar Height 30. 3''. 2 Pack / Faux Leather / Gray,,True
BS72001-PU6033-76_7519248318634_45844925677738,Nova Swivel Bar & Counter Stool. Bar Height 30. 3''. 2 Pack / Faux Leather / Blue,,True
S78012-G0402130-6PC-MODULAR_7721297576106_45151694160042,Delaney 6-Seat Modular Sofa Chaise with Storage Ottomans. Terracotta / 0,,True
S78012-G0402170-5PC-MODULAR_7791606628522_45721766101162,Delaney 5-Seat Modular Sofa Chaise with Storage Ottomans. Moss Green / 0,,True
S78012-G0402170-6PC-MODULAR_7721297576106_45721765380266,Delaney 6-Seat Modular Sofa Chaise with Storage Ottomans. Moss Green / 0,,True
S78012-G0402170-O_7763121209514_45721762037930,Delaney Storage Ottoman. Moss Green,,True
S78012-G0402170-4PC-MODULAR_7721294856362_45721340641450,Delaney 4-Seat Modular Sofa Chaise with Storage Ottoman. Moss Green / 0,,True
BS72019-PU6016_7914043736234_45372336013482,Charlotte Modern Counter Stool. Dark Gray (Faux Leather) / 2 pack,,True
BS72019-PU6030_7914043736234_45372335980714,Charlotte Modern Counter Stool. Saddle Brown (Faux Leather) / 2 pack,,True
MS76379-G0402190-5PC-3PW-CT_7995218100394_46193759584426,Ohana 4-Seat Zero Gravity Modular Reclining Sofa. 3 (Note: Corner-side seats can't recline simultaneously) / 1 / Milo Linen,,True
MS76379-G0402190-6PC-4PW-CT_7995304345770_46192561127594,Ohana 5-Seat Zero Gravity Modular Reclining Sofa. 4 (Note: Only one middle seat recliner can be used at a time) / 1 / Milo Linen,,True
MS76379-G0402190-6PC-3PW-CT_7995304345770_46130477269162,Ohana 5-Seat Zero Gravity Modular Reclining Sofa. 3 / 1 / Milo Linen,,True
MS76379-G0402190-5PC-3PW-2CT_7994942193834_46125778960554,Ohana 3-Seat Zero Gravity Modular Reclining Sofa. 3 / 2 / Milo Linen,,True
MS76379-G0402190-4PC-3PW-CT_7994942193834_46125773553834,Ohana 3-Seat Zero Gravity Modular Reclining Sofa. 3 / 1 / Milo Linen,,True
BS72006-PU6030-76_7740108472490_45790640144554,Eli Swivel Bar & Counter Stool. Bar Height 30''. 2 Pack / Faux Leather / Saddle Brown,,True
BS72018-PU6016_7891137364138_45384290730154,Golda Counter Stools with Metal Base. Gray (Faux Leather) / 2-Pack,,True
BS72019-ENJOY100_7914043736234_45372336046250,Charlotte Modern Counter Stool. Beige (Fabric) / 2 pack,,True
BS71027G-PU6030_7280989208746_45787505623210,Asher Swivel Nailhead Trim Bar & Counter Stools. Counter Height 26''. 2-Pack / Faux Leather / Saddle Brown,,True
MS76379-G0402190-5PC-4PW_7995304345770_46192561193130,Ohana 5-Seat Zero Gravity Modular Reclining Sofa. 4 (Note: Only one middle seat recliner can be used at a time) / 0 / Milo Linen,,True
MS76379-G0402190-3PC-3PW_7994942193834_46125773619370,Ohana 3-Seat Zero Gravity Modular Reclining Sofa. 3 / 0 / Milo Linen,,True
KJWB003-LY2111-3-Q_7988611612842_46099632292010,Solace Queen Solid Wood Boucle Upholstered Bed. Oatmeal,,True
BS71027G-PU167_7280989208746_45787505655978,Asher Swivel Nailhead Trim Bar & Counter Stools. Counter Height 26''. 2-Pack / Faux Leather / White,,True
S78012-G0402170-3PC-SOFA_7721294561450_45721766822058,Delaney 3-Seat Modular Sofa. With Armless Seat / Moss Green / 0,,True
S78012-G0402170-ARMLESS-SOFA_7720406745258_45721764692138,Delaney Modular Armless Chair / 2-Seat Armless Sofa. Armless Sofa / Moss Green,,True
S78012-G0402170-AL_7720406745258_45721764659370,Delaney Modular Armless Chair / 2-Seat Armless Sofa. Armless Chair / Moss Green,,True
S78012-G0402161-6PC-MODULAR_7721297576106_45158645760170,Delaney 6-Seat Modular Sofa Chaise with Storage Ottomans. Blue / 0,,True
S78012-G0402161-5PC-MODULAR_7791606628522_45158639829162,Delaney 5-Seat Modular Sofa Chaise with Storage Ottomans. Blue / 0,,True
S78012-G0402161-4PC-MODULAR_7721294856362_45158629507242,Delaney 4-Seat Modular Sofa Chaise with Storage Ottoman. Blue / 0,,True
S78012-G0402161-3PC-SOFA_7721294561450_45158612041898,Delaney 3-Seat Modular Sofa. With Armless Seat / Blue / 0,,True
S78012-G0402161-2PC-SOFA_7721291153578_45158599295146,Delaney 2-Seat Modular Sofa. Blue / 0,,True
ME7A6053-GREY-ZG-2_7966398841002_46056317419690,Noah Zero-Gravity Genuine Leather Recliner with Power Headrest. Top Grain Genuine Leather / Light Gray / Set of 2,,True
MS76379-G0402100-3PC-3PW_7994942193834_46125773652138,Ohana 3-Seat Zero Gravity Modular Reclining Sofa. 3 / 0 / Fossil Gray,,True
3-BS72001-PU6016_7519248318634_45718538453162,Nova Swivel Bar & Counter Stool. Counter Height 27. 1''. 3 Pack / Faux Leather / Gray,,True
BS72018-A303_7891137364138_45194525409450,Golda Counter Stools with Metal Base. White (Fabric) / 2-Pack,,True
ME7A6053-SADDLE-ZG-2_7966398841002_46056317354154,Noah Zero-Gravity Genuine Leather Recliner with Power Headrest. Top Grain Genuine Leather / Saddle / Set of 2,,True
ME7A6053-SADDLE-ZG_7966398841002_45886890475690,Noah Zero-Gravity Genuine Leather Recliner with Power Headrest. Top Grain Genuine Leather / Saddle / Set of 1,,True
AC71200D-U638093_7887745417386_45174455107754,Elvin Genuine Leather Recliner Lounge Chair & Ottoman. Genuine Top-grain Leather: Teal,,True
MS76379-G0402190-5PC-3PW_7995304345770_46130477203626,Ohana 5-Seat Zero Gravity Modular Reclining Sofa. 3 / 0 / Milo Linen,,True
MS76379-G0402190-6PC-2PW-CT_7995304345770_46130464915626,Ohana 5-Seat Zero Gravity Modular Reclining Sofa. 2 / 1 / Milo Linen,,True
MS76379-G0402190-5PC-2PW-CT_7995218100394_46128716873898,Ohana 4-Seat Zero Gravity Modular Reclining Sofa. 2 / 1 / Milo Linen,,True
MS76379-G0402100-5PC-3PW-2CT_7994942193834_46125778993322,Ohana 3-Seat Zero Gravity Modular Reclining Sofa. 3 / 2 / Fossil Gray,,True
MS76379-G0402100-5PC-2PW-2CT_7994942193834_46125778927786,Ohana 3-Seat Zero Gravity Modular Reclining Sofa. 2 / 2 / Fossil Gray,,True
MS76379-G0402190-5PC-2PW-2CT_7994942193834_46125778895018,Ohana 3-Seat Zero Gravity Modular Reclining Sofa. 2 / 2 / Milo Linen,,True
MS76379-G0402100-4PC-3PW-CT_7994942193834_46125773586602,Ohana 3-Seat Zero Gravity Modular Reclining Sofa. 3 / 1 / Fossil Gray,,True
MS76379-G0402100-4PC-2PW-CT_7994942193834_46125772832938,Ohana 3-Seat Zero Gravity Modular Reclining Sofa. 2 / 1 / Fossil Gray,,True
MS76379-G0402190-4PC-2PW-CT_7994942193834_46125772800170,Ohana 3-Seat Zero Gravity Modular Reclining Sofa. 2 / 1 / Milo Linen,,True
MS76379-G0402100-3PC-2PW-CT_7994934853802_46125695336618,Ohana 2-Seat Zero Gravity Modular Reclining Sofa. 2 / 1 / Fossil Gray,,True
MS76379-G0402190-3PC-2PW-CT_7994934853802_46125695303850,Ohana 2-Seat Zero Gravity Modular Reclining Sofa. 2 / 1 / Milo Linen,,True
ME7A6067-BROWN-1S_7976510226602_46006038036650,Isaac Genuine Leather Wall Hugger Power Recliner with Power Headrest. Brown / Standard,,True
ME7A6067-NAVY-1S_7976510226602_46006038003882,Isaac Genuine Leather Wall Hugger Power Recliner with Power Headrest. Navy / Standard,,True
ME7A6053-GREY-ZG_7966398841002_45886890508458,Noah Zero-Gravity Genuine Leather Recliner with Power Headrest. Top Grain Genuine Leather / Light Gray / Set of 1,,True
KF-Y2007-PUT1023_7618938634410_45714604523690,Aislinn Swivel Bar & Counter Stools. Classic / Counter Height 27''. 2-Pack / Dark Gray. Faux Leather,,True
ME7056B-G0402190-M_6956504318122_45221285429418,Tracee Modern Power Swivel Glider Recliner. Fabric / Milo Linen,,True
ME7056B-G0402190-Z_7793206132906_45221259149482,Tracee Power Swivel Nursery Glider Recliner. Fabric / Milo Linen,,True
AC72183-G0402810_7907351494826_45299391594666,Bella Modern Swivel Accent Chair. Cream,,True
S78012-G0402170-2PC-SOFA_7721291153578_45721767608490,Delaney 2-Seat Modular Sofa. Moss Green / 0,,True
KF-A1038C-U243022-L_7463145701546_45408809189546,Henry Swivel Accent Chair with Wood Base. Genuine Leather / Brown,,True
KF-A1038C-U243022-Z_7803000029354_45408792772778,Henry Modern Swivel Accent Chair. Genuine Leather / Brown,,True
BS72001-PU6030-76_7519248318634_45844925644970,Nova Swivel Bar & Counter Stool. Bar Height 30. 3''. 2 Pack / Faux Leather / Saddle Brown,,True
3-BS72001-PU6033_7519248318634_45718538518698,Nova Swivel Bar & Counter Stool. Counter Height 27. 1''. 3 Pack / Faux Leather / Blue,,True
BS71027G-B1105_7280989208746_45787488387242,Asher Swivel Nailhead Trim Bar & Counter Stools. Counter Height 26''. 2-Pack / Fabric / Ivory,,True
BS71027G-C0200320T_7280989208746_45787478655146,Asher Swivel Nailhead Trim Bar & Counter Stools. Counter Height 26''. 2-Pack / Performance Fabric / Tan,,True
ME7A6055-BROWN_7966400676010_45886936809642,Davin Power Lift Assist Infinite Position Recliner. Top Grain Leather / Brown,,True
AC71200D-A0300303_7887745417386_45174455173290,Elvin Genuine Leather Recliner Lounge Chair & Ottoman. Multi-Colored Fabric: White,,True
AC71200D-NL5109_7887745417386_45174449406122,Elvin Genuine Leather Recliner Lounge Chair & Ottoman. Genuine Top-grain Leather: Black,,True
AC71200D-U243022_7887745417386_45174449373354,Elvin Genuine Leather Recliner Lounge Chair & Ottoman. Genuine Top-grain Leather: Saddle Brown,,True
S78012-G0402130-CORNER_7982923776170_46075209187498,Delaney Modular Corner Seat. Terracotta,,True
ME7056B-U722212-M_6956504318122_45158132940970,Tracee Modern Power Swivel Glider Recliner. Genuine Leather / Butternut,,True
ME7A6053-BROWN-ZG-2_7966398841002_46056317386922,Noah Zero-Gravity Genuine Leather Recliner with Power Headrest. Top Grain Genuine Leather / Brown / Set of 2,,True
ME7A6053-BROWN-ZG_7966398841002_45886871863466,Noah Zero-Gravity Genuine Leather Recliner with Power Headrest. Top Grain Genuine Leather / Brown / Set of 1,,True
3-BS72001-PU6030_7519248318634_45718538485930,Nova Swivel Bar & Counter Stool. Counter Height 27. 1''. 3 Pack / Faux Leather / Saddle Brown,,True
MS76379-G0402190-5PC-2PW_7995304345770_46130464850090,Ohana 5-Seat Zero Gravity Modular Reclining Sofa. 2 / 0 / Milo Linen,,True
MS76379-G0402190-4PC-2PW_7995218100394_46128716218538,Ohana 4-Seat Zero Gravity Modular Reclining Sofa. 2 / 0 / Milo Linen,,True
MS76379-G0402190-3PC-2PW_7994942193834_46125772865706,Ohana 3-Seat Zero Gravity Modular Reclining Sofa. 2 / 0 / Milo Linen,,True
MS76379-G0402190-2PC-2PW_7994934853802_46125683409066,Ohana 2-Seat Zero Gravity Modular Reclining Sofa. 2 / 0 / Milo Linen,,True
BS71027G-PU160_7280989208746_45787505852586,Asher Swivel Nailhead Trim Bar & Counter Stools. Counter Height 26''. 2-Pack / Faux Leather / Insignia blue,,True
MS76379-G0402100-3PC-2PW_7994942193834_46125772898474,Ohana 3-Seat Zero Gravity Modular Reclining Sofa. 2 / 0 / Fossil Gray,,True
MS76379-G0402100-2PC-2PW_7994934853802_46125683441834,Ohana 2-Seat Zero Gravity Modular Reclining Sofa. 2 / 0 / Fossil Gray,,True
KF-Y2007-PUGTSF_7618938634410_45714604490922,Aislinn Swivel Bar & Counter Stools. Classic / Counter Height 27''. 2-Pack / Sand Gray. Faux Leather,,True
AC72303-G0402190-Grey_7923990200490_45408647839914,Liora Modern Swivel Accent Chair. Linen + Grey Oak / Fabric,,True
ME7A6067-SADDLE-1S_7976510226602_46006037971114,Isaac Genuine Leather Wall Hugger Power Recliner with Power Headrest. Saddle / Standard,,True
S78012-G0402161-O_7763121209514_45158719029418,Delaney Storage Ottoman. Blue,,True
BS72019-ENJOY455_7914043736234_45372336079018,Charlotte Modern Counter Stool. Gray (Fabric) / 2 pack,,True
ME7056B-B-878-M_6956504318122_45158068224170,Tracee Modern Power Swivel Glider Recliner. Fabric / Dove Gray,,True
AC72951-17AY17-1_7933253910698_45477455036586,Sienna Modern Rope Accent Chair. Cream,,True
AC72951-8957-4_7933253910698_45477450776746,Sienna Modern Rope Accent Chair. Light Gray,,True
DC72179-C0200311T_7902321934506_45259183620266,Aida Performance Fabric Rolling Dining Chair With Casters Base. Linen / 2-Pack,,True
KJWB002-CFF0037-3-F_7988558266538_46099511836842,Serene Full Contemporary Upholstered Platform Bed. Gray,,True
DC72233-A0603201T_7984977182890_46084785668266,Lilibet Wingback Rolling Dining Chair With Casters. Outward / Gray-Boucle (Outward) / 2-Pack,,True
DC72233-A0603211T_7984977182890_46084785635498,Lilibet Wingback Rolling Dining Chair With Casters. Outward / Oatmeal-Boucle (Outward) / 2-Pack,,True
DC72233-A0603290T_7984977182890_46084784685226,Lilibet Wingback Rolling Dining Chair With Casters. Outward / Pearl-Boucle (Outward) / 2-Pack,,True
DC72232-A0603201T_7984977182890_46083549200554,Lilibet Wingback Rolling Dining Chair With Casters. Inward / Gray-Boucle (Inward) / 2-Pack,,True
DC72179-C311T-CU6722_7902321934506_45259618451626,Aida Performance Fabric Rolling Dining Chair With Casters Base. Linen Patchwork / 2-Pack,,True
AC72901-PU6030_7904275660970_45272118100138,Charlotte Modern Accent Chair. Saddle Brown. Faux Leather / 1 pack,,True
ME7A130-CU6722_7970439168170_45914505281706,Theo Power Swivel Glider Recliner. Camel. Faux Leather / Regular Fixed,,True
BS71027G-PU159_7280989208746_45787505688746,Asher Swivel Nailhead Trim Bar & Counter Stools. Counter Height 26''. 2-Pack / Faux Leather / Light Gray,,True
3-BS72007-PUGTSF_7618938634410_45718617686186,Aislinn Swivel Bar & Counter Stools. Classic / Counter Height 27''. 3-Pack / Sand Gray. Faux Leather,,True
3-BS72007-B-20315_7618938634410_45718617620650,Aislinn Swivel Bar & Counter Stools. Classic / Counter Height 27''. 3-Pack / Cream. Fabric,,True
BS72018-PU6030_7891137364138_45384290762922,Golda Counter Stools with Metal Base. Saddle Brown (Faux Leather) / 2-Pack,,True
ME7056B-G0402161-M_6956504318122_45221285396650,Tracee Modern Power Swivel Glider Recliner. Fabric / Blue,,True
ME7056B-G0402161-Z_7793206132906_45221259116714,Tracee Power Swivel Nursery Glider Recliner. Fabric / Blue,,True
S78012-G0402161-AL_7720406745258_45158432145578,Delaney Modular Armless Chair / 2-Seat Armless Sofa. Armless Chair / Blue,,True
S78012-G0402161-ARMLESS-SOFA_7720406745258_45158432112810,Delaney Modular Armless Chair / 2-Seat Armless Sofa. Armless Sofa / Blue,,True
S78012-G0402130-O_7763121209514_45151708283050,Delaney Storage Ottoman. Terracotta,,True
AC72303-6722-5-Walnut_7923990200490_45408576733354,Liora Modern Swivel Accent Chair. Cognac Brown + Walnut / Faux Leather,,True
AC72901-ENJOY100_7904275660970_45272118132906,Charlotte Modern Accent Chair. Beige. Fabric / 1 pack,,True
S78031-G0402190-3S_7819461656746_45015020798122,Julane Modern 3-Seater Cane Sofa (78. 75''). Linen Fabric with Cane,,True
DC72016-PU6016_7798075687082_44932064280746,Nova Dining Chair (Set of 2). Gray,,True
S72637-G0400801-4PC-MODULAR_7681981481130_44357895749802,Kenna Modular 4 Seat Sofa-Chaise Sectional. With Ottoman / Dark Gray / 0,,True
S72637-G0400801-3PC-SOFA_7681977090218_44357871206570,Kenna 3 Seat Modular Sofa. With Armless Seat / Dark Gray / 0,,True
DC71261-B-1223_7470489174186_43499953488042,Asher Upholstered Dining Chair with Nailhead Trim (Set of 2). Linen- Fabric,,True
Y1510H-B1105_7379877789866_42981138694314,Lissa Swivel Bar & Counter Stool. Counter Height 26. 8''. 2 Pack / Ivory. Fabric,,True
S72637-G0400801-AL_7681985216682_44949940175018,Kenna Ottoman / Armless Chair. Armless Chair / Dark Gray,,True
AC71231-H732_7602355110058_43934778327210,Ambre Swivel Accent Chair. Velvet / Burnt Orange,,True
KF-A1079-B-1105_6937255739562_43860227326122,Wren Modern Swivel Accent Chair. Ivory-Fabric / 1 pack,,True
BS72015-PU6016_7798094987434_44932097081514,Lovy Swivel Counter Stools. Faux Leather / Gray / 2 pack,,True
DC71266-C0200311T_7459360538794_43231097389226,Mia Romantic Dining Chair (Set of 2). Performance Fabric / Linen,,True
DC72012-PU6030_7709849026730_44550408110250,Eli Low-Back Dining Chair (Set of 2). Faux Leather / Saddle Brown,,True
ME7056B-CU001-M_6956504318122_41328410656938,Tracee Modern Power Swivel Glider Recliner. Faux Leather / Gray,,True
M-79098-L1020_6937255674026_43039646056618,Joy Power Swivel Recliner with Manual Headrest. Genuine Leather / Light Gray,,True
BS71279-PU6300_7548244230314_43523181346986,Ava Swivel Counter Stool. Faux Leather / Cognac / 2 pack,,True
S78012-G0402190-AL_7720406745258_44927806865578,Delaney Modular Armless Chair / 2-Seat Armless Sofa. Armless Chair / Milo Linen,,True
KF-A1038C-G0402100-Z_7803000029354_44947257589930,Henry Modern Swivel Accent Chair. Fabric / Fossil Gray,,True
DC72014-PU6030_7798085714090_44932087677098,Lovy Dining Chair (Set of 2). Saddle Brown (Faux Leather),,True
DC72016-A303_7798075687082_44932064247978,Nova Dining Chair (Set of 2). White (Multi-colored),,True
ME79067B-L1021_6937255968938_44804367515818,Gentry Leather Power Swivel Glider Recliner with Charging Port. Genuine Leather / Haze (Type C),,True
KF-A1038C-G0402100-L_7463145701546_44754881675434,Henry Swivel Accent Chair with Wood Base. Fabric / Fossil Gray,,True
DC72012-A303_7709849026730_44550408175786,Eli Low-Back Dining Chair (Set of 2). Fabric / White (Multi-colored),,True
S-77000-CU6722-3S_7132460908714_44068903452842,"Lucas Mid-Century Sofa (73""). Faux Leather / Cognac Brown",,True
BS71219B-B-1105_6937263931562_43933235806378,Greyson Mid-Century Swivel Bar Counter Stool. Fabric / Ivory / 1 pack,,True
Y606D-PU223_6936561746090_42670075445418,Alina Modern Swivel Bar & Counter Stool. Counter Height 26''. 2 Pack / Faux Leather / Black,,True
ME7056B-CU013-Z_7793206132906_44916942569642,Tracee Power Swivel Nursery Glider Recliner. Faux Leather / Cream,,True
M-79098-L1021_6937255674026_41612633342122,Joy Power Swivel Recliner with Manual Headrest. Genuine Leather / Gray,,True
ME7056B-CU013-M_6956504318122_41328410788010,Tracee Modern Power Swivel Glider Recliner. Faux Leather / Cream,,True
ME7056B-CU009-M_6956504318122_41328410820778,Tracee Modern Power Swivel Glider Recliner. Faux Leather / Black,,True
DC71263-C0200311T_7471188148394_43954063573162,Morgan Prime Tufted Dining Chair (Set of 2). Performance Fabric / Linen,,True
S78012-G0402130-5PC-MODULAR_7791606628522_45151686852778,Delaney 5-Seat Modular Sofa Chaise with Storage Ottomans. Terracotta / 0,,True
S78012-G0402130-4PC-MODULAR_7721294856362_45151679283370,Delaney 4-Seat Modular Sofa Chaise with Storage Ottoman. Terracotta / 0,,True
S78012-G0402130-3PC-SOFA_7721294561450_45151658803370,Delaney 3-Seat Modular Sofa. With Armless Seat / Terracotta / 0,,True
S78012-G0402130-AL_7720406745258_45151633309866,Delaney Modular Armless Chair / 2-Seat Armless Sofa. Armless Chair / Terracotta,,True
S78012-G0402130-ARMLESS-SOFA_7720406745258_45151633277098,Delaney Modular Armless Chair / 2-Seat Armless Sofa. Armless Sofa / Terracotta,,True
S71163-C0200311T-1S_7877318181034_45134879391914,Keaton Performance Fabric Ash Wood Base Armchair (42. 5''). Linen,,True
KF-Y2001-PU6033-B_7519248318634_45067834294442,Nova Swivel Bar & Counter Stool. Counter Height 27. 1''. 2 Pack / Faux Leather / Blue,,True
KF-Y2001-PU6030-B_7519248318634_45067834228906,Nova Swivel Bar & Counter Stool. Counter Height 27. 1''. 2 Pack / Faux Leather / Saddle Brown,,True
S78012-G0402190-3PC-SOFA_7721294561450_44694914072746,Delaney 3-Seat Modular Sofa. With Armless Seat / Milo Linen / 0,,True
S78012-G0402190-ARMLESS-SOFA_7720406745258_44688529424554,Delaney Modular Armless Chair / 2-Seat Armless Sofa. Armless Sofa / Milo Linen,,True
KF-A1079-H706_6937255739562_43419709210794,Wren Modern Swivel Accent Chair. Gray-Velvet / 1 pack,,True
Y606D-PU160_6936561746090_42670075379882,Alina Modern Swivel Bar & Counter Stool. Counter Height 26''. 2 Pack / Faux Leather / Blue,,True
S78012-G0402100-5PC-MODULAR_7791606628522_44907475239082,Delaney 5-Seat Modular Sofa Chaise with Storage Ottomans. Fossil Gray / 0,,True
S78012-G0402100-6PC-MODULAR_7721297576106_44694933897386,Delaney 6-Seat Modular Sofa Chaise with Storage Ottomans. Fossil Gray / 0,,True
S78012-G0402100-4PC-MODULAR_7721294856362_44694923935914,Delaney 4-Seat Modular Sofa Chaise with Storage Ottoman. Fossil Gray / 0,,True
S78012-G0402100-3PC-SOFA_7721294561450_44694914105514,Delaney 3-Seat Modular Sofa. With Armless Seat / Fossil Gray / 0,,True
S78012-G0402100-2PC-SOFA_7721291153578_44694872948906,Delaney 2-Seat Modular Sofa. Fossil Gray / 0,,True
S72637-G0400801-O_7681985216682_44357912199338,Kenna Ottoman / Armless Chair. Ottoman / Dark Gray,,True
AC71231-H212R_7602355110058_43934778261674,Ambre Swivel Accent Chair. Velvet / Yellow,,True
3-BS72006-PU6030_7740108472490_44923523006634,Eli Swivel Bar & Counter Stool. Counter Height 27''. 3 Pack / Faux Leather / Saddle Brown,,True
Y1510H-PU167_7379877789866_42981138858154,Lissa Swivel Bar & Counter Stool. Counter Height 26. 8''. 2 Pack / White. Faux Leather,,True
3-BS72006-A303_7740108472490_44923523137706,Eli Swivel Bar & Counter Stool. Counter Height 27''. 3 Pack / Fabric / White (Multi-colored),,True
KF-A1038C-PU6051-Z_7803000029354_44947257491626,Henry Modern Swivel Accent Chair. Faux Leather / Black,,True
S78012-G0402190-O_7763121209514_44791797776554,Delaney Storage Ottoman. Milo Linen,,True
KF-A1038C-PU6051-L_7463145701546_43239332118698,Henry Swivel Accent Chair with Wood Base. Faux Leather / Black,,True
S71163-C0200311T-3S_7877270438058_45134742683818,Keaton Performance Fabric 3-Seater Sofa with Ash Wood Base (99''). Linen,,True
Y606D-PU159_6936561746090_42670075347114,Alina Modern Swivel Bar & Counter Stool. Counter Height 26''. 2 Pack / Faux Leather / Light Gray,,True
S78012-G0402190-5PC-MODULAR_7791606628522_44907475206314,Delaney 5-Seat Modular Sofa Chaise with Storage Ottomans. Milo Linen / 0,,True
S78012-G0402190-6PC-MODULAR_7721297576106_44694933864618,Delaney 6-Seat Modular Sofa Chaise with Storage Ottomans. Milo Linen / 0,,True
S78012-G0402190-4PC-MODULAR_7721294856362_44694923903146,Delaney 4-Seat Modular Sofa Chaise with Storage Ottoman. Milo Linen / 0,,True
KF-A1079-C0200320T_6937255739562_43860227358890,Wren Modern Swivel Accent Chair. Flax Beige-Performance Fabric / 1 pack,,True
KF-A1079-H732_6937255739562_43419709145258,Wren Modern Swivel Accent Chair. Burnt Orange-Velvet / 1 pack,,True
Y1510H-B1106_7379877789866_42981138661546,Lissa Swivel Bar & Counter Stool. Counter Height 26. 8''. 2 Pack / Fog. Fabric,,True
Y1510H-PU159_7379877789866_42981138792618,Lissa Swivel Bar & Counter Stool. Counter Height 26. 8''. 2 Pack / Light Gray. Faux Leather,,True
KF-Y1093-C0200320T_6978719285418_41417807003818,Rhett Upholstered Modern Dining Chair. Performance Fabric / Flax Beige / 2-Pack,,True
ME7056B-CU6722-Z_7793206132906_44916942536874,Tracee Power Swivel Nursery Glider Recliner. Faux Leather / Camel,,True
ME7056B-CU6722-M_6956504318122_43497211855018,Tracee Modern Power Swivel Glider Recliner. Faux Leather / Camel,,True
KF-Y2006-PU6030_7740108472490_44766073061546,Eli Swivel Bar & Counter Stool. Counter Height 27''. 2 Pack / Faux Leather / Saddle Brown,,True
KF-Y1093-B-1105-2_6978719285418_44161890451626,Rhett Upholstered Modern Dining Chair. Fabric / Ivory / 2-Pack,,True
KF-Y2006-PU6016_7740108472490_44776578252970,Eli Swivel Bar & Counter Stool. Counter Height 27''. 2 Pack / Faux Leather / Gray,,True
Y1510H-PU6030_7379877789866_42981138923690,Lissa Swivel Bar & Counter Stool. Counter Height 26. 8''. 2 Pack / Saddle Brown. Faux Leather,,True
2-BS72010_7772085977258_44835169829034,Blair Industrial Wood Seat Counter Stools. Wood / Brown / 2 pack,,True
Y1510H-PU160_7379877789866_42981138759850,Lissa Swivel Bar & Counter Stool. Counter Height 26. 8''. 2 Pack / Blue. Faux Leather,,True
Y606D-PU6030_6936561746090_42670075478186,Alina Modern Swivel Bar & Counter Stool. Counter Height 26''. 2 Pack / Faux Leather / Saddle Brown,,True
S78012-G0402100-AL_7720406745258_44927806898346,Delaney Modular Armless Chair / 2-Seat Armless Sofa. Armless Chair / Fossil Gray,,True
S78012-G0402100-O_7763121209514_44791797743786,Delaney Storage Ottoman. Fossil Gray,,True
S78012-G0402100-ARMLESS-SOFA_7720406745258_44688529457322,Delaney Modular Armless Chair / 2-Seat Armless Sofa. Armless Sofa / Fossil Gray,,True
KF-A1079-B-899_6937255739562_43860227391658,Wren Modern Swivel Accent Chair. Light Gray-Fabric / 1 pack,,True
BS72172-C0200364_7880144355498_45148088074410,Rosa Swivel Counter Stool (Set of 2). Insignia Blue. Fabric / 2 pack,,True
ME7056B-U722212-Z_7793206132906_45130578362538,Tracee Power Swivel Nursery Glider Recliner. Genuine Leather / Butternut,,True
BS72015-A303_7798094987434_44932097147050,Lovy Swivel Counter Stools. Fabric / White (Multi-colored) / 2 pack,,True
S78003-A0603290T-AL_7869421027498_45100961988778,Josie Performance Boucle Ottoman / Armless Chair. Performance Fabric / Armless Chair / Pearl,,True
S78003-A0603290T-4PC-MODULAR_7869417095338_45100902351018,Josie Performance Boucle 4-Piece Modular Sectional (115. 7''). Performance Fabric / Pearl,,True
S78003-A0603290T-3PC-SOFA_7869410279594_45100844122282,Josie Performance Boucle 3-Piece Modular Sofa (115. 7''). Performance Fabric / Pearl,,True
S78003-A0603290T-2PC-SOFA_7868339945642_45095303020714,Josie Performance Boucle 2-Piece Modular Sofa (80. 3''). Pearl / None (Sofa Only),,True
KF-A1038C-G0402190-Z_7803000029354_44947257557162,Henry Modern Swivel Accent Chair. Fabric / Milo Linen,,True
KF-A1038C-G0402190-L_7463145701546_44754881577130,Henry Swivel Accent Chair with Wood Base. Fabric / Milo Linen,,True
ME7056B-B-1009-VN-Z_7793206132906_44916942667946,Tracee Power Swivel Nursery Glider Recliner. Fabric / Metal Gray,,True
ME7056B-B-1009-VN-M_6956504318122_43841757905066,Tracee Modern Power Swivel Glider Recliner. Fabric / Metal Gray,,True
S72637-G0400820-AL_7681985216682_44949940142250,Kenna Ottoman / Armless Chair. Armless Chair / Cream,,True
S72637-G0400820-O_7681985216682_44357912232106,Kenna Ottoman / Armless Chair. Ottoman / Cream,,True
S72637-G0400820-4PC-MODULAR_7681981481130_44357895782570,Kenna Modular 4 Seat Sofa-Chaise Sectional. With Ottoman / Cream / 0,,True
S72637-G0400820-3PC-SOFA_7681977090218_44357871239338,Kenna 3 Seat Modular Sofa. With Armless Seat / Cream / 0,,True
BS71279-A303_7548244230314_44201070559402,Ava Swivel Counter Stool. Fabric / White (Multi-Colored) / 2 pack,,True
BS71219B-B-1106_6937263931562_43933235675306,Greyson Mid-Century Swivel Bar Counter Stool. Fabric / Fog / 1 pack,,True
BS72172-C0200311T_7880144355498_45148088041642,Rosa Swivel Counter Stool (Set of 2). Linen. Fabric / 2 pack,,True
M-79067-L2201_6937255968938_43597298106538,Gentry Leather Power Swivel Glider Recliner with Charging Port. Genuine Leather / Cognac (Type C),,True
KF-A1079-H773-VN_6937255739562_43419709112490,Wren Modern Swivel Accent Chair. Forest Green-Velvet / 1 pack,,True
ME7056B-B-878-Z_7793206132906_44916942635178,Tracee Power Swivel Nursery Glider Recliner. Fabric / Dove Gray,,True
BS71286-C0200311T_7552981074090_43550565564586,Avery Swivel Counter Stool. Performance Fabric / Linen / 2 pack,,True
BS71286-C0200320T_7552981074090_43550565630122,Avery Swivel Counter Stool. Performance Fabric / Tan / 2 pack,,True
S78012-G0402130-2PC-SOFA_7721291153578_45151647334570,Delaney 2-Seat Modular Sofa. Terracotta / 0,,True
BS72172-PU6016_7880144355498_45148076179626,Rosa Swivel Counter Stool (Set of 2). Retro Gray. Faux Leather / 2 pack,,True
S78003-A0603201T-AL_7869421027498_45100961956010,Josie Performance Boucle Ottoman / Armless Chair. Performance Fabric / Armless Chair / Light Gray,,True
S78003-A0603290T-O_7869421027498_45100944326826,Josie Performance Boucle Ottoman / Armless Chair. Performance Fabric / Ottoman / Pearl,,True
S78003-A0603201T-4PC-MODULAR_7869417095338_45100902318250,Josie Performance Boucle 4-Piece Modular Sectional (115. 7''). Performance Fabric / Light Gray,,True
S78003-A0603201T-3PC-SOFA_7869410279594_45100844089514,Josie Performance Boucle 3-Piece Modular Sofa (115. 7''). Performance Fabric / Light Gray,,True
S78003-A0603201T-2PC-SOFA_7868339945642_45095302987946,Josie Performance Boucle 2-Piece Modular Sofa (80. 3''). Light Gray / None (Sofa Only),,True
KF-Y2001-B1362-B_7519248318634_45067834359978,Nova Swivel Bar & Counter Stool. Counter Height 27. 1''. 2 Pack / Fabric / Gray (Multi-colored),,True
KF-Y2001-PU6016-B_7519248318634_45067834261674,Nova Swivel Bar & Counter Stool. Counter Height 27. 1''. 2 Pack / Faux Leather / Gray,,True
ME7A075B-CU6723_7855371714730_45059351478442,Keni Wall Hugger Power Recliner with Power Headrest. Faux Leather / Chocolate,,True
KF-A1038C-PU6030-VN-Z_7803000029354_44947257426090,Henry Modern Swivel Accent Chair. Faux Leather / Saddle Brown,,True
KF-Y2006-A303_7740108472490_44776595194026,Eli Swivel Bar & Counter Stool. Counter Height 27''. 2 Pack / Fabric / White (Multi-colored),,True
KF-Y1093-C0200311T_6978719285418_44038870532266,Rhett Upholstered Modern Dining Chair. Performance Fabric / Linen / 2-Pack,,True
KF-A1079-B-898_6937255739562_43860227424426,Wren Modern Swivel Accent Chair. Dark Gray-Fabric / 1 pack,,True
KF-A1079-H715_6937255739562_43419709178026,Wren Modern Swivel Accent Chair. Beach-Velvet / 1 pack,,True
BS72172-PU167_7880144355498_45148090433706,Rosa Swivel Counter Stool (Set of 2). White. Faux Leather / 2 pack,,True
S78003-A0603201T-O_7869421027498_45100944294058,Josie Performance Boucle Ottoman / Armless Chair. Performance Fabric / Ottoman / Light Gray,,True
ME7A075B-CU6722_7855371714730_45059351445674,Keni Wall Hugger Power Recliner with Power Headrest. Faux Leather / Cognac Brown,,True
S78031-G0402190-1S_7819477483690_45015072145578,"Julane Modern Cane Armchair (41. 8""). Linen Fabric with Cane",,True
AC72113-A0603290T_7798785048746_44934267699370,Jolie Performance Boucle Swivel Accent Chair. Bouclé / Pearl,,True
BS72015-PU6030_7798094987434_44932097048746,Lovy Swivel Counter Stools. Faux Leather / Saddle Brown / 2 pack,,True
S78012-G0402190-2PC-SOFA_7721291153578_44694872916138,Delaney 2-Seat Modular Sofa. Milo Linen / 0,,True
KF-A1038C-PU6030-VN-L_7463145701546_43239332085930,Henry Swivel Accent Chair with Wood Base. Faux Leather / Saddle Brown,,True
KF-A1079-B-1223_6937255739562_44333780828330,Wren Modern Swivel Accent Chair. Linen-Fabric / 1 pack,,True
